"Tag_Status","Building_block","Discipline","Cost_Code_COR","Tag_Number","Top_Tag","Skid_Ref","PO_Package_Number","System_Number","Equinor_Equipment_Category_1_4","Equipment_Type_Description","Area","Sub_Area","Function_Area","L_or_TT_mm","W_or_ID_mm","H_or_TT_mm","Footprint_m2","Modification_Phase_Code","Modification_Construction_Code","Modification_Handling_Code","Allowance_pct","Net_Dry_Weight_kg","Gross_Dry_Weight_kg","Content_Weight_kg","Dry_CoG_East_mm","Dry_CoG_North_mm","Dry_CoG_Elevation_mm","Price_Source","Cost_Proj_currency","Cost_Date","Exch_rate","NOK","Pressure_1_barg","Pressure_2_barg","Temp_1_degC","Temp_2_degC","Flow_rate_1_m3_per_hr","Flow_rate_2_m3_per_hr","Capacity_m3","Heat_transfer_medium_type","Speed_RPM","Heat_Exchanged_per_Unit_kW","Shaft_Power_kW","Rated_Power_kW","Heat_Transfer_Surface_Area_m2","Material_1","Material_2","Reference_or_Source","Reference_doc_dwg_PID_etc","Risk_Weight_accuracy","Risk_Footprint_accuracy","Risk_Design_basis","Risk_comments","Remarks","CLASS_OF_ACTIVITY","CLASS_OF_FUNCTIONAL_OBJECT","CLASS_OF_INANIMATE_PHYSICAL_OBJECT"
"DIFF",,"E",,"A-18BY001",,,"-",18.0,,"Optical Junction Box Central","Cellar deck","AP200","AP200",1000.0,800.0,400.0,0.8,,,"PERM",0.15,300.0,345.0,,,,,,,,,,,,,,,,,,,,,,,,,,,,,,,"Interface Patch boxes for subsea cables",,,
"DIFF",,"E",,"A-18BY002",,,"-",18.0,,"Optical Junction Box for UID","Cellar deck","AP200","AP200",1000.0,800.0,400.0,0.8,,,"PERM",0.15,300.0,345.0,,,,,,,,,,,,,,,,,,,,,,,,,,,,,,,"Interface Patch boxes for subsea cables. To be used for UID",,,
,,"J","ERCT","A-18CT001",,,"EI001",18.0,,"Hydraulic Power Unit (LP and HP)","Cellar deck","AP200","AP200",5300.0,2400.0,3000.0,12.72,,,"PERM",0.15,10000.0,11500.0,4000.0,320199.0,396399.0,514025.0,,,,,,,,,,,,,,,,,,,,,,,,,,,"Based on Cre8 GA ,Size and number of connections to be updated due to new field configurairion",,,
,,"J","EJJF","A-18JC001",,,"CPI",18.0,,"DAS/DTS system cabinet","Cellar deck","AQ200","AQ200",1000.0,800.0,2000.0,0.8,,,"PERM",0.15,300.0,345.0,,326290.0,383938.0,502360.0,,,,,,,,,,,,,,,,,,,,,,,,,,,,,,
,,"J",,"A-18JF001",,,"CPI",18.0,,"DAS/DTS Fibre splice cabinet","Cellar deck","AP200","AP200",1000.0,800.0,2000.0,0.8,,,"PERM",0.15,300.0,345.0,,,,,,,,,,,,,,,,,,,,,,,,,,,,,,,,,,
"NEW",,"J","EJJF","A-18JF002",,,"CPI",18.0,,"Down hole monitoring cabinet","Cellar deck","AQ200","AQ200",1000.0,800.0,2000.0,0.8,,,"PERM",0.15,300.0,345.0,,326290.0,383938.0,502360.0,,,,,,,,,,,,,,,,,,,,,,,,,,,,,,
,,"R",,"A-18LE001",,,"-",18.0,,"Temporary Pig Receiver - Krafla LP/Central (14"")","Mezzanine deck","AP300","AP300 CANTILEVER",6200.0,400.0,400.0,2.48,,,"TEMP",0.15,6770.0,7785.499999999999,,297399.0,369000.0,508090.0,,,,,,,,,,,,,,,,,,,,,,,,,,,,,,
,,"R",,"A-18LE002",,,"-",18.0,,"Temporary Pig Receiver - Krafla HP (8"")","Mezzanine deck","AP300","AP300 CANTILEVER",5600.0,400.0,400.0,2.24,,,"TEMP",0.15,6770.0,7785.499999999999,,297399.0,369000.0,508090.0,,,,,,,,,,,,,,,,,,,,,,,,,,,,,,
,,"J",,"A-18UX001",,,"EI014",18.0,,"TUTU/HTP Service Umbilical from PDQ","Cellar deck","AP200","AP200",3400.0,1200.0,2400.0,4.08,,,"PERM",0.15,1200.0,1380.0,,317143.0,378400.0,500000.0,,,,,,,,,,,,,,,,,,,,,,,,,,,"Contains only interface to subsea umbilicals for liquid only",,,
,,"J",,"A-18UX002",,,"EI014",18.0,,"TUTU/HTP Service Umbilical to Central and Krafla","Cellar deck","AP200","AP200",1600.0,800.0,2000.0,1.28,,,"PERM",0.15,700.0,804.9999999999999,,314618.0,379775.0,500000.0,,,,,,,,,,,,,,,,,,,,,,,,,,,"Contains only interface to subsea umbilicals for liquid only",,,
,,"E","EEEC","A-19EC001",,,"-",19.0,,"DEH Control Cabinet Central and Krafla LP Pipeline","Mezzanine deck","AQ300","HV equipment room",600.0,600.0,2000.0,0.36,,,"PERM",0.15,500.0,575.0,,323503.0,379800.0,509200.0,,,,,,,,,,,,,,,,,,,,,,,,,,,"for the HP pipeline , to be decided on c study   phase",,,
"NEW",,"E","EEEC","A-19EC002",,,"-",19.0,,"DCFO Remote Control Cabinet","Mezzanine deck","AQ300","HV equipment room",1000.0,800.0,2200.0,0.8,,,"PERM",0.15,300.0,575.0,,326529.0,379970.0,509400.0,,,,,,,,,,,,,,,,,,,,,,,,,,,"for the HP pipeline , to be decided on c study   phase",,,
"NEW",,"E","EEEC","A-19EC003",,,"-",19.0,,"UID Power Control Cabinet","Cellar deck","AQ200","CER 2",1000.0,800.0,2200.0,0.8,,,"PERM",0.15,400.0,575.0,,327292.0,383938.0,502360.0,,,,,,,,,,,,,,,,,,,,,,,,,,,"for the HP pipeline , to be decided on c study   phase",,,
"NEW",,"E","EEER","A-19ER001",,,"-",19.0,,"DCFO Power Unit A","Mezzanine deck","AQ300","HV equipment room",1000.0,800.0,2200.0,0.8,,,"PERM",0.15,450.0,517.5,,323523.0,379970.0,509400.0,,,,,,,,,,,,,,,,,,,,,,,,,,,,,,
"DIFF",,"E","EEER","A-19ER002",,,"-",19.0,,"DCFO Power Unit B","Mezzanine deck","AQ300","HV equipment room",1000.0,800.0,2200.0,0.8,,,"PERM",0.15,450.0,517.5,,324525.0,379970.0,509200.0,,,,,,,,,,,,,,,,,500.0,,,,,,,,,,,,,
,,"E","EEET","A-19ET001",,,"-",19.0,,"DEH Transformer Central and Krafla LP Pipeline","Mezzanine deck","AQ300","MV Transformer room",3000.0,1700.0,3000.0,5.1,,,"PERM",0.15,8500.0,9000.0,,341447.0,399732.0,508535.0,,,,,,,,,,,,,,,,,5000.0,,,,,,,,,,"for the HP pipeline , to be decided on c study   phase",,,
"NEW",,"E","EEEX","A-19EX001",,,"-",19.0,,"Cable Routing Cabinet","Mezzanine deck","AQ300","HV equipment room",1000.0,800.0,2200.0,0.8,,,"PERM",0.15,300.0,575.0,,326529.0,379970.0,509400.0,,,,,,,,,,,,,,,,,,,,,,,,,,,"for the HP pipeline , to be decided on c study   phase",,,
,,"E","EEEY","A-19EY001",,,"-",19.0,,"DEH Inductor L1 Unit Central and Krafla LP Pipeline","Mezzanine deck","AQ300","HV equipment room",3600.0,1300.0,2700.0,4.68,,,"PERM",0.15,7200.0,8280.0,,335352.0,372265.0,508350.0,,,,,,,,,,,,,,,,,,,,,,,,,,,"for the HP pipeline , to be decided on c study   phase",,,
,,"E","EEEY","A-19EY002",,,"-",19.0,,"DEH Capacitance C1 Unit Central and Krafla LP Pipeline","Mezzanine deck","AQ300","HV equipment room",3600.0,1300.0,2400.0,4.68,,,"PERM",0.15,2200.0,2530.0,,327353.0,372262.0,508200.0,,,,,,,,,,,,,,,,,,,,,,,,,,,"for the HP pipeline , to be decided on c study   phase",,,
,,"E","EEEY","A-19EY003",,,"-",19.0,,"DEH Capacitance C2 Unit Central and Krafla LP Pipeline","Mezzanine deck","AQ300","HV equipment room",3600.0,1300.0,2400.0,4.68,,,"PERM",0.15,3800.0,4370.0,,340352.0,372265.0,508200.0,,,,,,,,,,,,,,,,,,,,,,,,,,,"for the HP pipeline , to be decided on c study   phase",,,
"NEW",,"J","EJJB","A-19JQ001",,,"CPI",19.0,,"Subsea contractor network cabinet SDPU","Cellar deck","AQ200","CER 2",1000.0,800.0,2200.0,0.8,,,"PERM",0.15,200.0,229.99999999999997,,332000.0,374740.0,502360.0,,,,,,,,,,,,,,,,,,,,,,,,,,,,,,
"NEW",,"J","EJJB","A-19JQ002",,,"CPI",19.0,,"Subsea contractor network cabinet SGRU A","Cellar deck","AQ200","CER 2",800.0,800.0,2200.0,0.64,,,"PERM",0.15,200.0,229.99999999999997,,332802.0,374740.0,502360.0,,,,,,,,,,,,,,,,,,,,,,,,,,,,,,
"NEW",,"J","EJJB","A-19JQ003",,,"CPI",19.0,,"Subsea contractor network cabinet SGRU B","Cellar deck","AQ200","CER 2",800.0,800.0,2200.0,0.64,,,"PERM",0.15,200.0,229.99999999999997,,333604.0,374740.0,502360.0,,,,,,,,,,,,,,,,,,,,,,,,,,,,,,
"NEW",,"J","EJJB","A-19JQ004",,,"CPI",19.0,,"Subsea contractor server cabinet SGSU","Cellar deck","AQ200","CER 2",800.0,800.0,2200.0,0.64,,,"PERM",0.15,200.0,229.99999999999997,,336010.0,374740.0,502360.0,,,,,,,,,,,,,,,,,,,,,,,,,,,,,,
"DIFF",,"E","EEER","A-20ER001A",,,"ER007",20.0,,"VSD Liquid Export Pump A","Mezzanine deck","AQ400","HV VSD room",3300.0,1150.0,2400.0,3.795,,,"PERM",0.15,4500.0,5175.0,,333271.0,398994.0,516415.0,,,,,,,,,,,,,,,,,,,"22Cr Duplex",,,,,,,,,,,
"DIFF",,"E","EEER","A-20ER001B",,,"ER007",20.0,,"VSD Liquid Export Pump B","Mezzanine deck","AQ400","HV VSD room",3300.0,1150.0,2400.0,3.795,,,"PERM",0.15,4500.0,5175.0,,333279.0,395644.0,516386.0,,,,,,,,,,,,,,,,,,,"22Cr Duplex",,,,,,,,,,,
,,"R",,"A-20LE001",,,"-",20.0,,"Temporary Pig Launcher - Liquid Export (for RFO and R113 inspection)","Mezzanine deck","AP300","AP300 CANTILEVER",6200.0,400.0,400.0,2.48,,,"TEMP",0.15,6770.0,7785.499999999999,,297399.0,369000.0,508090.0,,,,,,,,,,,,,,,,,,,,,,,,,,,,,,
,,"R","ERPA","A-20PA001A","NO","A-20PZ001A","ER007",20.0,,"Liquid Export Pump A","Cellar deck","AP200","SKID",0.0,0.0,0.0,0.0,,,"PERM",,,,,304000.0,399000.0,501370.0,,,,,,,,,,595.0,,,,,,,,,"22Cr Duplex",,,,,,,,,,,
,,"E","ERPA","A-20PA001A-M01","NO","A-20PZ001A","ER007",20.0,,"Liquid Export Pump A Motor","Cellar deck","AP200","SKID",0.0,0.0,0.0,0.0,,,"PERM",,,,,0.0,0.0,0.0,,,,,,,,,,,,,,,,,1065.0,,,,,,,,,,,,,
,,"R","ERPA","A-20PA001B","NO","A-20PZ001B","ER007",20.0,,"Liquid Export Pump B","Cellar deck","AP200","SKID",0.0,0.0,0.0,0.0,,,"PERM",,,,,304000.0,393000.0,501370.0,,,,,,,,,,595.0,,,,,,,,,"22Cr Duplex",,,,,,,,,,,
,,"E","ERPA","A-20PA001B-M01","NO","A-20PZ001B","ER007",20.0,,"Liquid Export Pump B Motor","Cellar deck","AP200","SKID",0.0,0.0,0.0,0.0,,,"PERM",,,,,0.0,0.0,0.0,,,,,,,,,,,,,,,,,1065.0,,,,,,,,,,,,,
"DIFF",,"R","ERPZ","A-20PZ001A","YES",,"ER007",20.0,,"Liquid Export Pump A Skid","Cellar deck","AP200","AP200",8500.0,2400.0,2400.0,20.4,,,"PERM",0.15,26500.0,30474.999999999996,,304000.0,399000.0,501370.0,,,,,,,,,,,,,,,,,,,"25Cr Duplex",,,,,,,"Gas carry under percentage to be finalized in process design  Noise enclosure details to be finlized","Sulzer including lube oil system.  including estimate for noise enclosure(5000kg)","http://data.posccaesar.org/rdl/RDS9657917","http://data.posccaesar.org/rdl/RDS278594","http://data.posccaesar.org/rdl/RDS14196773"
"DIFF",,"R","ERPZ","A-20PZ001B","YES",,"ER007",20.0,,"Liquid Export Pump B Skid","Cellar deck","AP200","AP200",8500.0,2400.0,2400.0,20.4,,,"PERM",0.15,26500.0,30474.999999999996,,304000.0,393000.0,501370.0,,,,,,,,,,,,,,,,,,,"25Cr Duplex",,,,,,,"Gas carry under percentage to be finalized in process design  Noise enclosure details to be finlized","Sulzer including lube oil system.  including estimate for noise enclosure(5000kg)","http://data.posccaesar.org/rdl/RDS9657917","http://data.posccaesar.org/rdl/RDS278594","http://data.posccaesar.org/rdl/RDS14196773"
"DIFF",,"R","ERVA","A-20VA001",,,"ER002",20.0,,"Inlet Separator","Mezzanine deck","AP300","AP300,AP400",0.0,3500.0,6600.0,12.25,,,"PERM",0.15,106600.0,122589.99999999999,80000.0,301200.0,387000.0,510447.5,,,,,,"FV",100.0,-46.0,125.0,,,80.0,,,,,,,"P500QL2 + Alloy 625 w.o.","internals 22Cr Duplex",,,,,,"Slug volume uncertainty (flow assurance)  Gas carry under uncertainty","SLB proposal (rev 3) , vertical 2 phase separator with hemispherical heads . (weight of internals:9000kg)","http://data.posccaesar.org/rdl/RDS9647297","http://data.posccaesar.org/rdl/RDS2194378711","http://data.posccaesar.org/rdl/RDS291959"
,,"R","ERCB","A-24CB001A","NO","A-24XX001","ER010",24.0,,"TEG Particle Filter","Process deck","AP400","SKID TEG",,,,,,,"PERM",,,,150.0,0.0,0.0,0.0,,,,,,,,,,,,,,,,,,,"22Cr Duplex",,,,,,,,"Vessel with 5 microns filter elements",,,
,,"R","ERCB","A-24CB001B","NO","A-24XX001","ER010",24.0,,"TEG Particle Filter","Process deck","AP400","SKID TEG",,,,,,,"PERM",0.15,0.0,0.0,150.0,,,,,,,,,,,,,,,,,,,,,,"22Cr Duplex",,,,,,,,"added based on Fucntional requirements documet",,,
,,"R","ERCB","A-24CB002","NO","A-24XX001","ER010",24.0,,"Activated Carbon Filter","Process deck","AP400","SKID TEG",,,,,,,"PERM",,,,10.0,0.0,0.0,0.0,,,,,,,,,,,,,,,,,,,"22Cr Duplex",,,,,,,,,,,
"DIFF",,"R","ERCJ","A-24CJ001",,,"ER006",24.0,,"G2P Mixer 1","Process deck","AP400","AP400",1400.0,700.0,700.0,0.98,,,"PERM",0.15,595.0,684.25,,314126.0,383249.0,516563.0,,,,,,,,,,,,,,,,,,,"22Cr Duplex",,,,,,,"Single source due to Equinor Qualification","Weight / size  based on Prosep  propsal for Askja UPP",,,"http://data.posccaesar.org/rdl/RDS43167562195"
"DIFF",,"R","ERCJ","A-24CJ002",,,"ER006",24.0,,"G2P Mixer 2","Process deck","AP400","AP400",1400.0,700.0,700.0,0.98,,,"PERM",0.15,595.0,684.25,,314263.0,384362.0,516563.0,,,,,,,,,,,,,,,,,,,"22Cr Duplex",,,,,,,"Single source due to Equinor Qualification","Weight / size  based on Prosep  propsal for Askja UPP",,,"http://data.posccaesar.org/rdl/RDS43167562195"
,,"R","ERCQ","A-24CQ001","NO","A-24XX001","ER010",24.0,,"1st Stage Flash Gas Ejector","Process deck","AP400","SKID TEG",,,,,,,"PERM",,,,0.0,0.0,0.0,0.0,,,,,,,,,,,,,,,,,,,"22Cr Duplex",,,,,,,,"Ejector",,,
,,"R","ERCQ","A-24CQ002","NO","A-24XX001","ER010",24.0,,"2nd Stage Flash Gas Ejector","Process deck","AP400","SKID TEG",,,,,,,"PERM",,,,0.0,0.0,0.0,0.0,,,,,,,,,,,,,,,,,,,"22Cr Duplex",,,,,,,,"Ejector",,,
,,"R","ERCQ","A-24CQ003","NO","A-24XX001","ER010",24.0,,"3rd Stage Flash Gas Ejector","Process deck","AP400","SKID TEG",,,,,,,"PERM",0.0,0.0,0.0,0.0,,,,,,,,,,,,,,,,,,,,,,"22Cr Duplex",,,,,,,,"Ejector",,,
,,"E","EEER","A-24ER001A",,,"ER018",24.0,,"VSD G2P TEG Circulation Pump A","Mezzanine deck","AQ300","LV swb. room 1",600.0,800.0,2200.0,0.48,,,"PERM",0.15,300.0,345.0,,325393.0,380793.0,509302.0,,,,,,,,,,,,,,,,,,,,,,,,,,,,,,
,,"E","EEER","A-24ER001B",,,"ER018",24.0,,"VSD G2P TEG Circulation Pump B","Mezzanine deck","AQ300","LV swb. room 1",600.0,800.0,2200.0,0.48,,,"PERM",0.15,300.0,345.0,,325395.0,386621.0,509302.0,,,,,,,,,,,,,,,,,,,,,,,,,,,,,,
,,"E","EEER","A-24ER002A",,,"ER010",24.0,,"Thyristor Panel - TEG Reboiler Heater A","Mezzanine deck","AQ300","LV swb. room 2",2600.0,500.0,2100.0,1.3,,,"PERM",0.15,750.0,862.4999999999999,,323480.0,399743.0,509301.0,,,,,,,,,,,,,,,,,,,,,,,,,,,"Width = depth of panel . Based on Dvalin type for 520kW heater",,,
,,"E","EEER","A-24ER002B",,,"ER010",24.0,,"Thyristor Panel - TEG Reboiler Heater B","Mezzanine deck","AQ300","LV swb. room 2",2600.0,500.0,2100.0,1.3,,,"PERM",0.15,750.0,862.4999999999999,,324290.0,399743.0,509301.0,,,,,,,,,,,,,,,,,,,,,,,,,,,"Width = depth of panel . Based on Dvalin type for 520kW heater",,,
,,"E","ERFE","A-24FE001 A","NO","A-24XX001","ER010",24.0,,"TEG Reboiler Heater","Process deck","AP400","SKID TEG",,,,0.0,,,"PERM",,,,0.0,0.0,0.0,0.0,,,,,,,,,,,,,,,465.0,,,,"22Cr Duplex","Incoloy",,,,,,,"Length is insertion lenght.  Duty is design duty.",,,
,,"E","ERFE","A-24FE001 B","NO","A-24XX001","ER010",24.0,,"TEG Reboiler Heater","Process deck","AP400","SKID TEG",,,,0.0,,,"PERM",,,,0.0,0.0,0.0,0.0,,,,,,,,,,,,,,,465.0,,,,"22Cr Duplex","Incoloy",,,,,,,"Length is insertion lenght.  Duty is design duty.",,,
,,"E","ERFE","A-24FE002","NO","A-24XX001","ER010",24.0,,"TEG Surge Drum Start Up Heater","Process deck","AP400","SKID TEG",,,,0.0,,,"PERM",,,,,0.0,0.0,0.0,,,,,,,,,,,,,,,,,,,"22Cr Duplex","Incoloy",,,,,,,,,,
"DIFF",,"R","ERHA","A-24HA001",,,"ER004",24.0,,"Gas Treatment Inlet Cooler","Weather deck","AP500","AP500",17400.0,1520.0,2350.0,26.448,,,"PERM",0.15,24300.0,27944.999999999996,12250.0,299579.0,384249.0,524000.0,,,,,,88.54,88.36,71.4,20.0,6450.0,697.0,,"SW",,19416.0,,,1026.4,"Titan shell & tubes","25%Cr Duplex Heads",,,,,,"risk of changing weight due to impact of design for unmanned  (type of TEMA heat exchanger)","HTRI - BEM Titanium Shell & Tubes / Duplex Heads. Tube design pressure 157 barg SW In Tempt.= 11 °C SW Out Tempt.= 35 °C",,,"http://data.posccaesar.org/rdl/RDS419084"
,,"R","ERHB","A-24HB001","NO","A-24XX001","ER010",24.0,,"Lean / Rich TEG Heat Exchanger 1 (Bloc)","Process deck","AP400","SKID TEG",,,,0.0,,,"PERM",,,,3260.0,0.0,0.0,0.0,,,,,,,,,,,,,,,,,,,"CS frame","SS316 inlernally",,,,,,,"Bloc Type Heat Exchanger",,,
,,"R","ERHB","A-24HB002","NO","A-24XX001","ER010",24.0,,"Lean / Rich TEG Heat Exchanger 2 (Gasketed Plate)","Process deck","AP400","SKID TEG",,,,,,,"PERM",,,,30.0,0.0,0.0,0.0,,,,,,,,,,,,,,,,,,,"CS frame","Titanium plates",,,,,,,"Gasketed Plate Heat Exchanger",,,
,,"R","ERHB","A-24HB003","NO","A-24XX001","ER010",24.0,,"Lean TEG Cooler","Process deck","AP400","SKID TEG",,,,,,,"PERM",,,,30.0,0.0,0.0,0.0,,,,,,,,,,,,,,,,,,,"CS frame","Titanium plates",,,,,,,"Gasketed Plate Heat Exchanger",,,
,,"R","ERHB","A-24HB004","NO","A-24XX001","ER010",24.0,,"Overhead Condenser (Bloc type hx)","Process deck","AP400","SKID TEG",,,,,,,"PERM",,,,50.0,0.0,0.0,0.0,,,,,,,,,,,,,,,,,,,"CS frame","SS316 inlernally",,,,,,,"Bloc type hx",,,
,,"R","ERHI","A-24HI001","NO","A-24XX001","ER010",24.0,,"TEG Reboiler","Process deck","AP400","SKID TEG",,,,,,,"PERM",,,,5700.0,0.0,0.0,0.0,,,,,,,,,,,,,,,,,,,"22Cr Duplex",,,,,,,,,,,
,,"R","ERHX","A-24HX001","NO","A-24XX001","ER010",24.0,,"TEG Reflux Condenser","Process deck","AP400","SKID TEG",,,,,,,"PERM",,,,50.0,0.0,0.0,0.0,,,,,,,,,,,,,,,60.0,,,,"22Cr Duplex",,,,,,,,"Installed on top of still column",,,
,,"R","ERKF","A-24KF001","NO","A-24XX001","ER010",24.0,,"Stripping Gas Recycle Blower","Process deck","AP400","SKID TEG",,,,,,,"PERM",,,,10.0,0.0,0.0,0.0,,,,,,,,,,,,,,,,,,,"SS316L",,,,,,,,,,,
,,"R","ERPA","A-24PA001A","YES",,"ER018",24.0,,"G2P TEG Circulation Pump A","Cellar deck","AP200","AP200",2000.0,1000.0,1000.0,2.0,,,"PERM",0.15,1220.0,1403.0,,312350.0,389850.0,500110.0,,,,,,,,,,5.0,,,,,,,,,"22Cr Duplex",,,,,,,,"PG Flow solution / Sundstrand / Magdrive sealless pump - Rated power 30 kW",,,"http://data.posccaesar.org/rdl/RDS14196773"
,,"E","ERPA","A-24PA001A-M01","NO","A-24PA001A","ER018",24.0,,"G2P TEG Circulation Pump A Motor","Cellar deck","AP200","SKID",0.0,0.0,0.0,0.0,,,"PERM",,,0.0,,0.0,0.0,0.0,,,,,,,,,,,,,,,,,,,,,,,,,,,,,,
,,"R","ERPA","A-24PA001B","YES",,"ER018",24.0,,"G2P TEG Circulation Pump B","Cellar deck","AP200","AP200",2000.0,1000.0,1000.0,2.0,,,"PERM",0.15,1220.0,1403.0,,312350.0,392850.0,500110.0,,,,,,,,,,5.0,,,,,,,,,"22Cr Duplex",,,,,,,,"PG Flow Solution / Sundstrand / Magdrive sealless pump - Rated power 30 kW",,,"http://data.posccaesar.org/rdl/RDS14196773"
,,"E","ERPA","A-24PA001B-M01","NO","A-24PA001B","ER018",24.0,,"G2P TEG Circulation Pump B Motor","Cellar deck","AP200","SKID",0.0,0.0,0.0,0.0,,,"PERM",,,0.0,,0.0,0.0,0.0,,,,,,,,,,,,,,,,,,,,,,,,,,,,,,
,,"R","ERPB","A-24PB001A","NO","A-24XX001","ER010",24.0,,"TEG Circulation Pump","Process deck","AP400","SKID TEG",,,,,,,"PERM",,,,110.0,0.0,0.0,0.0,,,,,,,,,,,,,,,,15.0,,,"22Cr Duplex",,,,,,,,"Plunger pump skid with electric drive and resonator",,,
,,"R","ERPB","A-24PB001B","NO","A-24XX001","ER010",24.0,,"TEG Circulation Pump","Process deck","AP400","SKID TEG",,,,,,,"PERM",,,,110.0,0.0,0.0,0.0,,,,,,,,,,,,,,,,15.0,,,"22Cr Duplex",,,,,,,,"Plunger pump skid with electric drive and resonator",,,
,,"R","ERPX","A-24PX001","NO","A-24XX001","ER010",24.0,,"TEG Drain Tank Pump","Process deck","AP400","SKID TEG",,,,,,,"PERM",,,,,0.0,0.0,0.0,,,,,,,,,,,,,,,,,,,"22Cr Duplex",,,,,,,,"Installed in TEG Drain Tank",,,
,,"R","ERTB","A-24TB001","NO","A-24XX001","ER010",24.0,,"TEG Drain Tank ( Indeck atmospheric)","Process deck","AP400","SKID TEG",,,,,,,"PERM",,,,,0.0,0.0,0.0,,,,,,,,,,,,,,,,,,,"22Cr Duplex",,,,,,,,,,,
,,"R","ERVD","A-24VD001","NO","A-24XX001","ER010",24.0,,"TEG Flash Drum","Process deck","AP400","SKID TEG",,,,,,,"PERM",,,,2700.0,0.0,0.0,0.0,,,,,,,,,,,,,,,,,,,"22Cr Duplex",,,,,,,,,,,
,,"R","ERVE","A-24VE001","NO","A-24XX001","ER010",24.0,,"TEG Stripping Column","Process deck","AP400","SKID TEG",,,,,,,"PERM",,,,50.0,0.0,0.0,0.0,,,,,,,,,,,,,,,,,,,"22Cr Duplex",,,,,,,,,,,
,,"R","ERVE","A-24VE002","NO","A-24XX001","ER010",24.0,,"TEG Still Column","Process deck","AP400","SKID TEG",,,,,,,"PERM",,,,20.0,0.0,0.0,0.0,,,,,,,,,,,,,,,,,,,"22Cr Duplex",,,,,,,,"Installed on flange on top of reboiler vessel",,,
"DIFF",,"R","ERVG","A-24VG001",,,"ER003",24.0,,"G2P Scrubber 1","Mezzanine deck","AP300","AP300,AP400","-",1700.0,4200.0,2.89,,,"PERM",0.15,28700.0,33005.0,,310150.0,383250.0,509790.0,,,,,,157.0,"FV",-46.0,110.0,,,,,,,,,,"P500QL2 + Alloy 625 w.o.","22%Cr Duplex (S31803)",,,,,,,"Based on SLB proposal",,,"http://data.posccaesar.org/rdl/RDS291959"
"DIFF",,"R","ERVG","A-24VG002",,,"ER003",24.0,,"G2P Scrubber 2","Mezzanine deck","AP300","AP300,AP400","-",2500.0,4400.0,6.25,,,"PERM",0.15,53300.0,61294.99999999999,,310150.0,387500.0,509790.0,,,,,,157.0,"FV",-46.0,110.0,,,,,,,,,,"P500QL2 + Alloy 625 w.o.","22%Cr Duplex (S31803)",,,,,,"FDR requirement  for Liquid carry over /K value","Based on SLB proposal",,,"http://data.posccaesar.org/rdl/RDS291959"
,,"R","ERVG","A-24VG003","NO","A-24XX001","ER010",24.0,,"Overhead Reciever","Process deck","AP400","SKID TEG",,,,,,,"PERM",,,,150.0,0.0,0.0,0.0,,,,,,,,,,,,,,,,,,,"22Cr Duplex",,,,,,,,,,,
,,"R","ERVL","A-24VL001","NO","A-24XX001","ER010",24.0,,"TEG Surge Drum","Process deck","AP400","SKID TEG",,,,,,,"PERM",,,,8900.0,0.0,0.0,0.0,,,,,,,,,,,,,,,,,,,"22Cr Duplex",,,,,,,,,,,
,,"R","ERXR","A-24XR001","NO","A-24XX001","ER010",24.0,,"TEG Chemical Injection","Process deck","AP400","SKID TEG",,,,,,,"PERM",,,,150.0,0.0,0.0,0.0,,,,,,,,,,,,,,,,,,,,,,,,,,,,,,
"DIFF",,"R","ERXX","A-24XX001","YES",,"ER010",24.0,,"TEG Regeneration Package","Cellar deck","AP200 AP300","SKID AP200,AP300",13000.0,5000.0,11000.0,65.0,,,"PERM",0.15,60000.0,69000.0,13000.0,286178.0,376775.0,502364.0,,,,,,,,,,,,,,,,,,,"22Cr Duplex",,,,,,,"weight accuracy due to difference between vendor proposals  Open  process design maturity items","Based on the Kanfa proposal for Askja UPP, Size adjusted to fit layout",,,"http://data.posccaesar.org/rdl/RDS269279"
,,"R",,"A-26LE001",,,,26.0,,"Temporary Pig Launcher - Gas Lift","Mezzanine deck","AP300","AP300 CANTILEVER",8000.0,600.0,600.0,4.8,,,"TEMP",0.15,7250.0,8337.5,,297399.0,369000.0,508090.0,,,,,,,,,,,,,,,,,,,,,,,,,,,,,,
,,"E","EEEC","A-27EC001",,,"ER001",27.0,,"AMB Control Cabinet 1st Stage Compressor","Process deck","AQ300","LV swb. room 1",3000.0,800.0,2200.0,2.4,,,"PERM",0.15,1600.0,1839.9999999999998,,324572.0,402744.0,509265.0,,,,,,,,,,,,,,,,,,,,,,,,,,,,,,
,,"E","EEEC","A-27EC002",,,"ER001",27.0,,"AMB Control Cabinet 2nd Stage Compressor","Process deck","AQ300","LV swb. room 1",3000.0,800.0,2200.0,2.4,,,"PERM",0.15,1600.0,1839.9999999999998,,328372.0,403528.0,509265.0,,,,,,,,,,,,,,,,,,,,,,,,,,,,,,
,,"E","EEER","A-27ER001",,,"EE004",27.0,,"VSD 1st Stage Compressor","Process deck","AQ400","HV VSD room",13600.0,1600.0,2800.0,21.76,,,"PERM",0.15,12000.0,13799.999999999998,,325808.0,394800.0,516650.0,,,,,,,,,,,,,,,,,12000.0,,,,,,,,,,"ABB ACS 5069-W3B-D5  (Same size as ÅSC). Water cooled",,,
,,"E","EEER","A-27ER002",,,"EE004",27.0,,"VSD 2nd Stage Compressor","Process deck","AQ400","HV VSD room",13600.0,1600.0,2800.0,21.76,,,"PERM",0.15,12000.0,13799.999999999998,,328008.0,400500.0,515250.0,,,,,,,,,,,,,,,,,12000.0,,,,,,,,,,"ABB ACS 5069-W3B-D5  (Same size as ÅSC). Water cooled",,,
,,"E","EEER","A-27ER003",,,"ER020",27.0,,"Thyristor Control Panel for 27FE001","Mezzanine deck","AQ300","LV swb. room 1",2000.0,1800.0,500.0,3.6,,,"PERM",0.15,500.0,575.0,,323963.0,397121.0,509200.0,,,,,,,,,,,,,,,,,,,,,,,,,,,"Located in Main LV Switcboard room. Exheat provided info",,,
,,"E","EEER","A-27ER004A",,,"ER018",27.0,,"VSD 1st Stage Compressor Suction Scrubber Pump A","Mezzanine deck","AQ300","LV swb. room 1",600.0,800.0,2200.0,0.64,,,"PERM",0.15,300.0,345.0,,323480.0,399127.0,509301.0,,,,,,,,,,,,,,,,,,,,,,,,,,,,,,
,,"E","EEER","A-27ER004B",,,"ER018",27.0,,"VSD 1st Stage Compressor Suction Scrubber Pump B","Mezzanine deck","AQ300","LV swb. room 1",600.0,800.0,2200.0,0.64,,,"PERM",0.15,300.0,345.0,,324290.0,399127.0,509301.0,,,,,,,,,,,,,,,,,,,,,,,,,,,,,,
"DIFF",,"E","EEET","A-27ET001",,,"EE004",27.0,,"100/2 kV Transformer 18 MVA 1st Stage Compressor","Process deck","AQ400","HV Transformer room",5000.0,4000.0,5000.0,20.0,,,"PERM",0.15,42000.0,48299.99999999999,12000.0,340390.0,393490.0,516220.0,,,,,,,,,,,,,,,,,13000.0,,,,,,,,,,"ABB transf 65000/6x1920V.  7-winding made for ACS5000 VSD. Water cooled",,,
"DIFF",,"E","EEET","A-27ET002",,,"EE004",27.0,,"100/2 kV Transformer 18 MVA 2nd Stage Compressor","Process deck","AQ400","HV Transformer room",5000.0,4000.0,5000.0,20.0,,,"PERM",0.15,42000.0,48299.99999999999,12000.0,340390.0,399990.0,516220.0,,,,,,,,,,,,,,,,,13000.0,,,,,,,,,,"ABB transf 65000/6x1920V 7-winding made for ACS5000 VSD Water cooled",,,
"DIFF",,"R","ERFE","A-27FE001",,,"ER020",27.0,,"Backflow Heater","Process deck","AP400","AP400",4000.0,830.0,1500.0,3.32,,,"PERM",0.15,3174.0,3650.1,,308179.0,399279.0,514700.0,,,,,,185.0,,-46.0,150.0,,,,,,,,540.0,,"22Cr Duplex",,,,,,,,"Based on previous stduy input (Exheat provided info. )",,,"http://data.posccaesar.org/rdl/RDS14070475"
"DIFF",,"R","ERHA","A-27HA001",,,"ER004",27.0,,"1st Stage Compressor Suction Cooler","Weather deck","AP500","AP500",15885.0,1750.0,2610.0,27.79875,,,"PERM",0.15,25610.0,29451.499999999996,16450.0,300609.0,380499.0,524000.0,,,,,,33.636,33.364,84.5,20.0,14028.0,817.0,,"SW",,22801.0,,,1246.0,"Titan shell & tubes","25%Cr Duplex Heads",,,,,,"risk of changing weight due to impact of design for unmanned  (type of TEMA heat exchanger)","HTRI - BEM Titanium Shell & Tubes / Duplex Heads. Tube design pressure 100 barg SW In Tempt.= 11 °C SW Out Tempt.= 35 °C",,,"http://data.posccaesar.org/rdl/RDS419084"
"NEW",,"R","ERHA","A-27HA002",,,"ER004",27.0,,"Gas Export Cooler","Process deck","AP400","AP400",8600.0,920.0,1070.0,7.912,,,"PERM",0.15,5890.0,6773.499999999999,1260.0,,,,,,,,,163.5,163.05,137.7,90.0,1218.0,188.0,,"SW",,5204.0,,,62.7,"Titan shell & tubes","25%Cr Duplex Heads",,,,,,"Uncertainty on process design/duty/size/weight","Current sizing is based on Case A from TN C232-AI-P-RA-00010 Rev 02 SW In Tempt.= 10 °C SW Out Tempt.= 34.15 °C Gas Flow Rate = 135216 kg/hr",,,"http://data.posccaesar.org/rdl/RDS419084"
,,"R","ERHB","A-27HB001",,,"ER009",27.0,,"VSD External Cooler (1st Stage Compressor VSD)","Process deck","AP400","AP400",1000.0,500.0,1000.0,0.5,,,"PERM",0.15,1250.0,1437.5,,319045.0,391536.0,506925.0,,,,,,,,,,,,,,,,,,,"Titanium Plate","CS Frame",,,,,,,"Based on ABB input",,,"http://data.posccaesar.org/rdl/RDS441674"
,,"R","ERHB","A-27HB002",,,"ER009",27.0,,"VSD External Cooler (2nd Stage Compressor VSD)","Process deck","AP400","AP400",1000.0,500.0,1000.0,0.5,,,"PERM",0.15,1250.0,1437.5,,319045.0,396637.0,506925.0,,,,,,,,,,,,,,,,,,,"Titanium Plate","CS Frame",,,,,,,"Based on ABB input",,,"http://data.posccaesar.org/rdl/RDS441674"
,,"J","EJJX","A-27JX001",,,"EI002",27.0,,"Fiscal Gas Export Metering","Process deck","AP400","AP400",9200.0,1500.0,2000.0,13.8,,,"PERM",0.15,4000.0,4600.0,,297388.0,374219.0,514100.0,,,,,,,,,,,,,,,,,,,,,,,,,,,,,,
,,"J","EJJX","A-27JX002",,,"EI002",27.0,,"Fiscal Gas Export Metering Analyser","Process deck","AP400","AP400 CANTILEVER",2500.0,2500.0,2500.0,6.25,,,"PERM",0.15,2500.0,2875.0,,312339.0,373470.0,514000.0,,,,,,,,,,,,,,,,,,,,,,,,,,,,,,
,,"R","ERKA","A-27KA001","NO","A-27KZ001","ER001",27.0,,"1st Stage Compressor","Weather deck","AP500","SKID",0.0,0.0,0.0,0.0,,,"PERM",,,0.0,,0.0,0.0,0.0,,,,,,,,,,,,,,,,,,,,,,,,,,,,,,
,,"E",,"A-27KA001-M01","NO","A-27KZ001","ER001",27.0,,"1st Stage Compressor Motor","Weather deck","AP500","SKID",0.0,0.0,0.0,0.0,,,"PERM",,,0.0,,0.0,0.0,0.0,,,,,,,,,,,,,,,,,,,,,,,,,,,,,,
,,"R","ERKA","A-27KA002","NO","A-27KZ002","ER001",27.0,,"2nd Stage Compressor","Weather deck","AP500","SKID",0.0,0.0,0.0,0.0,,,"PERM",,,0.0,,0.0,0.0,0.0,,,,,,,,,,,,,,,,,,,,,,,,,,,,,,
,,"E",,"A-27KA002-M01","NO","A-27KZ002","ER001",27.0,,"2nd Stage Compressor Motor","Weather deck","AP500","SKID",0.0,0.0,0.0,0.0,,,"PERM",,,0.0,,0.0,0.0,0.0,,,,,,,,,,,,,,,,,,,,,,,,,,,,,,
"DIFF",,"R","ERKZ","A-27KZ001","YES",,"ER001",27.0,,"1st Stage Compressor Skid","Weather deck","AP500","AP500",6200.0,4400.0,3600.0,27.28,,,"PERM",0.15,75000.0,86250.0,,301069.0,384818.0,524116.0,,,,,,,,,,,,,,,,,,,,,,,,,,"Weight/Footprint due to lack of updated vendor information/drawings","Based on MAN Layout- excludes noise wall.  Size information is preliminary. Skid size width increased pending gas coooling arrangment",,,"http://data.posccaesar.org/rdl/RDS417194"
"DIFF",,"R","ERKZ","A-27KZ002","YES",,"ER001",27.0,,"2nd Stage Compressor Skid","Weather deck","AP500","AP500",6200.0,4400.0,3600.0,27.28,,,"PERM",0.15,75000.0,86250.0,,301069.0,391466.0,524116.0,,,,,,,,,,,,,,,,,,,,,,,,,,"Weight/Footprint due to lack of updated vendor information/drawings","Based on MAN Layout- excludes noise wall.  Size information is preliminary. Skid size width increased pending gas coooling arrangment",,,"http://data.posccaesar.org/rdl/RDS417194"
,,"R",,"A-27LE001",,,,27.0,,"Temporary Pig Launcher - Gas Export","Mezzanine deck","AP300","AP300 CANTILEVER",8000.0,600.0,600.0,4.8,,,"TEMP",0.15,7250.0,8337.5,,297399.0,369000.0,508090.0,,,,,,,,,,,,,,,,,,,,,,,,,,,,,,
"DIFF",,"R","ERPA","A-27PA001A","YES",,"ER018",27.0,,"1st Stage Compressor Suction Scrubber Pump A","Cellar deck","AP200","AP200",2000.0,1000.0,1000.0,1.0,,,"PERM",0.15,1370.0,1575.4999999999998,,312350.0,383350.0,500110.0,,,,,,,,,,92.0,,,,,,,,,"22Cr Duplex",,,,,,,,"PG Flow Solution / Sundstrand / Magdrive sealless pump - prevoius stdy Rated power 37 kW , Inormation to be updated",,,"http://data.posccaesar.org/rdl/RDS14196773"
,,"E","ERPA","A-27PA001A-M01","NO","A-27PA001A","ER018",27.0,,"1st Stage Compressor Suction Scrubber Pump A Motor","Cellar deck","AP200","SKID",0.0,0.0,0.0,0.0,,,"PERM",,,0.0,,0.0,0.0,0.0,,,,,,,,,,42.0,,,,,,,,,"22Cr Duplex",,,,,,,,"Size & Weights include internals.Info based on Cameron/Subsea Construction (vessel fabricator)",,,
"DIFF",,"R","ERPA","A-27PA001B","YES",,"ER018",27.0,,"1st Stage Compressor Suction Scrubber Pump B","Cellar deck","AP200","AP200",2000.0,1000.0,1000.0,2.0,,,"PERM",0.15,1370.0,1575.4999999999998,,312350.0,386350.0,500110.0,,,,,,,,,,92.0,,,,,,,,,"22Cr Duplex",,,,,,,,"PG Flow Solution / Sundstrand / Magdrive sealless pump - prevoius stdy Rated power 37 kW , Inormation to be updated",,,"http://data.posccaesar.org/rdl/RDS14196773"
,,"E","ERPA","A-27PA001B-M01","NO","A-27PA001B","ER018",27.0,,"1st Stage Compressor Suction Scrubber Pump B Motor","Cellar deck","AP200","SKID",0.0,0.0,0.0,0.0,,,"PERM",,,0.0,,0.0,0.0,0.0,,,,,,,,,,,,,,,,,,,,,,,,,,,,,,
"DIFF",,"R","ERVG","A-27VG001",,,"ER003",27.0,,"1st Stage Compressor Suction Scrubber","Mezzanine deck","AP300","AP300,AP400",,3500.0,4800.0,12.25,,,"PERM",0.15,77600.0,89240.0,,310650.0,378825.0,509600.0,,,,,,100.0,"FV",-46.0,110.0,,,,,,,,,,"P500QL2 + Alloy 625 w.o.","22%Cr Duplex (S31803)",,,,,,"FDR requirement  for Liquid carry over /K value","Based on SLB proposal",,,"http://data.posccaesar.org/rdl/RDS291959"
,,"E","EEER","A-41ER001",,,"ER020",41.0,,"Thyristor Panel - Electric Heater - Bundle HM System","Mezzanine deck","AQ300","LV swb. room 2",4000.0,800.0,2000.0,3.2,,,"FUT",0.15,2000.0,2300.0,,325053.0,383221.0,509200.0,,,,,,,,,,,,,,,,,,,,,,,,,,,,,,
"DIFF",,"E",,"A-41FE001",,,"ER020",41.0,,"Electric Heater - Bundle HM System","Mezzanine deck","AP300","AP300",4860.0,1200.0,2000.0,5.832,,,"FUT",0.15,5200.0,5979.999999999999,,314070.0,400955.0,508535.0,,,,,,,,,,,,,,,1400.0,,,,,,,,,,,,"Based on information from previous Krafla UPP bundle heating evaluation",,,
"DIFF",,"R","ERPA","A-41PA001A","YES",,"ER018",41.0,,"Circulation Pump A - Bundle HM System","Mezzanine deck","AP300","AP300",3560.0,1155.0,1300.0,4.1118,,,"FUT",0.15,2450.0,2817.5,,311629.0,394120.0,507095.0,,,,,,,95.0,,125.0,50.0,,,,,,136.0,,,,,,,,,,,"Scaled Based on information from previous Krafla UPP bundle heating evaluation",,,
,,"E",,"A-41PA001A-M01","NO","A-41PA001A","ER018",41.0,,"Circulation Pump A Motor - Bundle HM System","Mezzanine deck","AP300","SKID",,,,0.0,,,"FUT",0.15,,0.0,,0.0,0.0,0.0,,,,,,,,,,,,,,,,,,,,,,,,,,,"Based on information from previous Krafla UPP bundle heating evaluation",,,
"DIFF",,"R","ERPA","A-41PA001B","YES",,"ER018",41.0,,"Circulation Pump B - Bundle HM System","Mezzanine deck","AP300","AP300",3560.0,1155.0,1300.0,4.1118,,,"FUT",0.15,2450.0,2817.5,,311629.0,397620.0,507095.0,,,,,,,95.0,,125.0,50.0,,,,,,136.0,,,,,,,,,,,"Scaled Based on information from previous Krafla UPP bundle heating evaluation",,,
,,"E",,"A-41PA001B-M01","NO","A-41PA001B","ER018",41.0,,"Circulation Pump B Motor - Bundle HM System","Mezzanine deck","AP300","SKID",,,,0.0,,,"FUT",0.15,,0.0,,0.0,0.0,0.0,,,,,,,,,,,,,,,,,,,,,,,,,,,"Based on information from previous Krafla UPP bundle heating evaluation",,,
"DIFF",,"R","ERVL","A-41VL001",,,"ER013",41.0,,"Expansion Tank - Bundle HM System","Process deck","AP400","AP400",,2500.0,5000.0,6.25,,,"FUT",0.15,5000.0,5750.0,,313439.0,401599.0,515965.0,,,,,,,11.0,,125.0,,,,,,,,,,,,,,,,,,"Scaled Based on information from previous Krafla UPP bundle heating evaluation",,,
"DIFF",,"O",,"A-42HA100",,,"-",42.0,,"Heat Exchanger for chem cleaning of separator","Mezzanine deck","AP300","AP300",2000.0,300.0,1000.0,0.6,,,"TEMP",0.15,450.0,517.5,,296293.0,392156.0,507500.0,,,,,,,,,,,,,,,,,,,,,,,,,,,"Temporary equipmeent for chem cleaning of separator - based on information from IKM report",,,
"DIFF",,"O",,"A-42PX100A",,,"-",42.0,,"Circulation Pump 1 for chem cleaning of separator","Mezzanine deck","AP300","AP300",900.0,700.0,1300.0,0.63,,,"TEMP",0.15,160.0,184.0,,297943.0,390559.0,507526.0,,,,,,,,,,,,,,,,,,,,,,,,,,,"Temporary equipmeent for chem cleaning of separator - based on information from IKM report (air driven pump)",,,
"DIFF",,"O",,"A-42PX100B",,,"-",42.0,,"Circulation Pump 2 for chem cleaning of separator","Mezzanine deck","AP300","AP300",900.0,700.0,1300.0,0.63,,,"TEMP",0.15,160.0,184.0,,297943.0,392109.0,507533.0,,,,,,,,,,,,,,,,,,,,,,,,,,,"Temporary equipmeent for chem cleaning of separator - based on information from IKM report (air driven pump)",,,
"DIFF",,"O",,"A-42PX101A",,,"-",42.0,,"Circulation Pump 3 for chem cleaning of separator","Mezzanine deck","AP300","AP300",900.0,700.0,1300.0,0.63,,,"TEMP",0.15,160.0,184.0,,299740.0,390457.0,507534.0,,,,,,,,,,,,,,,,,,,,,,,,,,,"Temporary equipmeent for chem cleaning of separator - based on information from IKM report (air driven pump)",,,
"DIFF",,"O",,"A-42PX101B",,,"-",42.0,,"Circulation Pump 4 for chem cleaning of separator","Mezzanine deck","AP300","AP300",900.0,700.0,1300.0,0.63,,,"TEMP",0.15,160.0,184.0,,299740.0,392008.0,507533.0,,,,,,,,,,,,,,,,,,,,,,,,,,,"Temporary equipmeent for chem cleaning of separator - based on information from IKM report (air driven pump)",,,
"DIFF",,"J","ERXR","A-42XR001",,,"EI015",42.0,,"Chemical Distribution - Scale inhibitor","Mezzanine deck","AP300","AP300",1600.0,750.0,2000.0,1.2,,,"PERM",0.15,600.0,690.0,,319143.0,381000.0,507000.0,,,,,,,,,,,,,,,,,,,,,,,,,,,"From Oseberg , To UWP and Krafla wells , Size and number of connections to be revised due to new field configurairion",,,
"DIFF",,"J","ERXR","A-42XR002",,,"EI015",42.0,,"Chemical Distribution - Asphaltene Inhibitor","Mezzanine deck","AP300","AP300",1600.0,750.0,2000.0,1.2,,,"PERM",0.15,600.0,690.0,,319143.0,378500.0,507000.0,,,,,,,,,,,,,,,,,,,,,,,,,,,"From Oseberg , To oil export line subsea (one user)",,,
"DIFF",,"O",,"A-42XX100",,,"-",42.0,,"Circulation Tank for chem cleaning of separator","Mezzanine deck","AP300","AP300",2200.0,2200.0,2800.0,4.84,,,"TEMP",0.15,8000.0,9200.0,,305300.0,406649.0,507000.0,,,,,,,,,,,,,,,,,,,,,,,,,,,"Temporary equipmeent for chem cleaning of separator - based on information from IKM report",,,
"NEW",,"R",,"A-43BT001",,,"ER019",43.0,,"Optical Monitor","Weather deck","AP500","AP500",310.0,230.0,1640.0,0.0529,,,"PERM",0.15,68.0,78.19999999999999,,,,,,,,,,,,,,,,,,,,,,,,,,,,,,,"Based on Zeeco's proposal from previous project",,,
"NEW",,"R",,"A-43CX001",,,"ER019",43.0,,"Flare Spool Piece","Flare tower","AF000","AF000",,610.0,6240.0,0.3721,,,"PERM",0.15,1440.0,1655.9999999999998,,,,,,,,,,,,,,,,,,,,,,,"Alloy 800HT",,,,,,,,"Based on Zeeco's proposal from previous project",,,
,,"E","ERFE","A-43FE001","NO","A-43VD001","ER013",43.0,,"HP Flare KO Drum Heater","Cellar deck","AP200","SKID",,,,,,,"PERM",0.15,,,,,,,,,,,,,,,,,,,,,,,50.0,,,,,,,,,,"Size and weight based on Valemon 43FE10001",,,
,,"R","ERFC","A-43FX001",,,"ER019",43.0,,"HP Flare Tip 24""","Flare tower","AF000","AF000",,610.0,3000.0,0.3721,,,"PERM",0.15,835.0,960.2499999999999,,317999.0,306447.0,612651.0,,,,,,,,,,,,,,,,,,,"Alloy 800HT",,,,,,,"awaiting for final process design","24"" Flare Tip. Infor. based on Zeeco's proposal from previous project. Shall be procured as per Equinor's FA with Zeeco.",,,"http://data.posccaesar.org/rdl/RDS446129"
,,"J","EJJX","A-43JX001",,,"EI002",43.0,,"HP Flare Metering Package","Process deck","AP400","AP400 CANTILEVER","-",400.0,14000.0,0.16,,,"PERM",0.15,400.0,459.99999999999994,,317993.0,356453.0,534920.0,,,,,,,,,,,,,,,,,,,,,,,,,,,,,,
"DIFF",,"R","ERPA","A-43PA001",,,"ER018",43.0,,"HP Flare KO Drum Booster Pump","Cellar deck","AP200","AP200 CANTILEVER",2000.0,2000.0,2000.0,4.0,,,"PERM",0.15,1300.0,1494.9999999999998,,300674.0,371600.0,500010.0,,,,,,,,,,,,,,,,,,,"22Cr Duplex",,,,,,,,"From previous study PG Flow Solution / Sundstrand / Magdrive sealless pump - to be ipadted for Askja *UPP",,,"http://data.posccaesar.org/rdl/RDS14196773"
,,"E","ERPA","A-43PA001-M01","NO","A-43PA001","ER018",43.0,,"HP Flare KO Drum Booster Pump Motor","Cellar deck","AP200","SKID",0.0,0.0,0.0,0.0,,,"PERM",,,0.0,,0.0,0.0,0.0,,,,,,,,,,,,,,,,,,,,,,,,,,,,,,
"DIFF",,"R","ERPF","A-43PF001","YES",,"ER008",43.0,,"HP Flare KO Drum Liquid Pump","Cellar deck","AP200","AP200 CANTILEVER",1600.0,2000.0,2000.0,3.2,,,"PERM",0.15,3000.0,3449.9999999999995,300.0,296274.0,373400.0,500010.0,,,,,,,,,,15.0,,,,,,,,,"22Cr Duplex",,,,,,,,"From previuos stdu . LEWA G3F  type membrane pump. -to be ipadted for Askja *UPP",,,"http://data.posccaesar.org/rdl/RDS416924"
,,"E","ERPA","A-43PF001-M01","NO","A-43PF001","ER008",43.0,,"HP Flare KO Drum Liquid Pump Motor","Cellar deck","AP200","SKID",0.0,0.0,0.0,0.0,,,"PERM",,,0.0,,0.0,0.0,0.0,,,,,,,,,,,,,,,,,,,,,,,,,,,,,,
"DIFF",,"R","ERVD","A-43VD001","YES",,"ER013",43.0,,"HP Flare KO Drum","Cellar deck","AP200","AP200 CANTILEVER",12000.0,3900.0,0.0,46.8,,,"PERM",0.15,37000.0,42550.0,63000.0,311000.0,371000.0,503490.0,,,,,,12.0,"FV",-101.0,110.0,,,,,,,,,,"6MO",,,,,,,"awaiting for final process design","Weight include internals MEL info from Subsea Construction (vessel fabricator).",,,"http://data.posccaesar.org/rdl/RDS5785737"
,,"R","ERXX","A-43XX001",,,"ER019",43.0,,"Ballistic Ignition Package","Process deck","AP400","AP400 CANTILEVER",2400.0,800.0,2400.0,1.92,,,"PERM",0.15,1920.0,2208.0,,319730.0,377430.0,512763.0,,,,,,,,,,,,,,,,,,,,,,,,,,,,,,
,,"R","ERFC","A-43XX002",,,"ER019",43.0," ","High Energy Ignition Package","Process deck","AP400","AP400 CANTILEVER",2000.0,1250.0,2230.0,2.5," "," ","PERM",0.15,650.0,"747,5"," ",318930.0,373480.0,512763.0,,,,,,,,,,,,,,,,,,,,,,,,,,,"Weight and Size based on JS HEI Panel.",,,
,,"R","ERXX","A-43XX003",,,"ER019",43.0," ","Propane Bottle Rack","Mezzanine deck","AP300","AP300",1200.0,750.0,2000.0,0.9," "," ","PERM",0.15,500.0,"575,0",,335270.0,400768.0,521000.0,,,,,,,,,,,,,,,,,,,,,,,,,,,"Inhouse estimated",,,
"NEW",,"R",,"A-43XX004",,,"ER019",43.0,,"Ballistic Striker Assembly","Flare tower","AF000","AF000",,762.0,6770.0,0.580644,,,"PERM",0.15,990.0,1138.5,,,,,,,,,,,,,,,,,,,,,,,"Alloy 800HT",,,,,,,,"Based on Zeeco's proposal from previous project",,,
,,"E","EEER","A-46ER001A",,,"-",46.0,,"VSD drive HP MEG Pump A","Mezzanine deck","AQ300","LV swb. room 1",1250.0,600.0,2200.0,0.75,,,"FUT",0.15,600.0,690.0,,323675.0,395078.0,509401.0,,,,,,,,,,,,,,,,,,,,,,,,,,,"Ref Dvalin MEG VSD",,,
,,"E","EEER","A-46ER001B",,,"-",46.0,,"VSD drive HP MEG Pump B","Mezzanine deck","AQ300","LV swb. room 1",1250.0,600.0,2200.0,0.75,,,"FUT",0.15,600.0,690.0,,324885.0,395078.0,509401.0,,,,,,,,,,,,,,,,,,,,,,,,,,,"Ref Dvalin MEG VSD",,,
,,"E","EEER","A-46ER002A",,,"-",46.0,,"VSD drive LP MEG Pump A","Mezzanine deck","AQ300","LV swb. room 1",1250.0,600.0,2200.0,0.75,,,"FUT",0.15,600.0,690.0,,323675.0,393078.0,509401.0,,,,,,,,,,,,,,,,,,,,,,,,,,,"Ref Dvalin MEG VSD",,,
,,"E","EEER","A-46ER002B",,,"-",46.0,,"VSD drive LP MEG Pump B","Mezzanine deck","AQ300","LV swb. room 1",1250.0,600.0,2200.0,0.75,,,"FUT",0.15,600.0,690.0,,324885.0,393078.0,509401.0,,,,,,,,,,,,,,,,,,,,,,,,,,,"Ref Dvalin MEG VSD",,,
,,"R","ERPB","A-46PB001A","YES",,"-",46.0,,"HP MEG Injection Pump A","Cellar deck","AP200","AP200 CANTILEVER",3406.0,1906.0,2200.0,6.491836,,,"FUT",0.15,5000.0,5750.0,,300500.0,404710.0,500090.0,,,,,,,,,,,,,,,,,,,,,,,,,,,"Skid mounted w/noise enclosure",,,
,,"E",,"A-46PB001A-M01","NO","A-46PB001A","-",46.0,,"HP MEG Injection Pump A Motor","Mezzanine deck","AP300","SKID",,,,0.0,,,"FUT",,,,,0.0,0.0,0.0,,,,,,,,,,,,,,,,,200.0,,,,,,,,,,"Skid mounted w/noise enclosure",,,
,,"R","ERPB","A-46PB001B","YES",,"-",46.0,,"HP MEG Injection Pump B","Cellar deck","AP200","AP200 CANTILEVER",3406.0,1906.0,2200.0,6.491836,,,"FUT",0.15,5000.0,5750.0,,295000.0,405550.0,500090.0,,,,,,,,,,,,,,,,,,,,,,,,,,,"Skid mounted w/noise enclosure",,,
,,"E",,"A-46PB001B-M01","NO","A-46PB001B","-",46.0,,"HP MEG Injection Pump B Motor","Mezzanine deck","AP300","SKID",,,,,,,"FUT",,,,,0.0,0.0,0.0,,,,,,,,,,,,,,,,,200.0,,,,,,,,,,"Skid mounted w/noise enclosure",,,
,,"R","ERPB","A-46PB002A","YES",,"-",46.0,,"LP MEG Injection Pump A","Cellar deck","AP200","AP200",3406.0,1906.0,2200.0,6.491836,,,"FUT",0.15,5000.0,5750.0,,294000.0,399830.0,500090.0,,,,,,,,,,,,,,,,,,,,,,,,,,,"Skid mounted w/noise enclosure",,,
,,"E",,"A-46PB002A-M01","NO","A-46PB001C","-",46.0,,"LP MEG Injection Pump A Motor","Mezzanine deck","AP300","SKID",,,,,,,"FUT",,,,,0.0,0.0,0.0,,,,,,,,,,,,,,,,,150.0,,,,,,,,,,"Skid mounted w/noise enclosure",,,
,,"R","ERPB","A-46PB002B","YES",,"-",46.0,,"LP MEG Injection Pump B","Cellar deck","AP200","AP200",3406.0,1906.0,2200.0,6.491836,,,"FUT",0.15,5000.0,5750.0,,294000.0,391330.0,500090.0,,,,,,,,,,,,,,,,,,,,,,,,,,,"Skid mounted w/noise enclosure",,,
,,"E",,"A-46PB002B-M01","NO","A-46PB001D","-",46.0,,"LP MEG Injection Pump B Motor","Mezzanine deck","AP300","SKID",,,,,,,"FUT",,,,,0.0,0.0,0.0,,,,,,,,,,,,,,,,,150.0,,,,,,,,,,"Skid mounted w/noise enclosure",,,
"DIFF",,"R","ERVL","A-46VL001",,,"ER013",46.0,,"MEG Storage Tank","Weather deck","AP500","AP500",,2700.0,6500.0,7.29,,,"FUT",0.15,7000.0,8049.999999999999,,296898.0,377543.0,523464.0,,,,,,,,,,,,,,,,,,,"22Cr Duplex",,,,,,,,"40m3 storage volume, vertical vessel",,,
,,"E","EEER","A-47ER001A",,,"ER015",47.0,,"Electrochlorination Transformer / Rectifier","Mezzanine deck","AQ300","MV Transformer room",1200.0,1100.0,1400.0,1.32,,,"PERM",0.15,700.0,804.9999999999999,,338073.0,391099.0,508392.0,,,,,,,,,,,,,,,,,50.0,,,,,,,,,,"Size and weigh based on Cumberland proposal",,,
,,"E","EEER","A-47ER001B",,,"ER015",47.0,,"Electrochlorination Transformer / Rectifier","Mezzanine deck","AQ300","MV Transformer room",1200.0,1100.0,1400.0,1.32,,,"PERM",0.15,700.0,804.9999999999999,,339673.0,391099.0,508392.0,,,,,,,,,,,,,,,,,50.0,,,,,,,,,,"Size and weigh based on Cumberland proposal",,,
"DIFF",,"R","ERXX","A-47XX001",,,"ER015",47.0,,"Electro-Chlorination  Skid","Mezzanine deck","AP300","AP300",5500.0,3400.0,3200.0,18.7,,,"PERM",0.15,5700.0,6554.999999999999,,295195.0,398557.0,507728.0,,,,,,17.0,"FV",-10.0,50.0,,,,,,,,,,"Titanium Tubes",,,,,,,"pending decision for ATEX certification /filtration inside package","Size and weigh based on Cumberland proposal from similar project. To be updated for Askja UPP",,,"http://data.posccaesar.org/rdl/RDS276569"
"DIFF",,"R","ERPA","A-50PA001A","YES",,"ER018",50.0,,"Hot Seawater Circulation Pump A","Process deck","AP400","AP400",3200.0,1400.0,1600.0,4.48,,,"PERM",0.15,3500.0,4024.9999999999995,50.0,312844.0,392748.0,514090.0,,,,,,17.0,"FV",-10.0,100.0,700.0,,,,,,150.0,,,"Titanium",,,,,,,,"Weight & Size scaled Info based on Sulzer for previus study  ,  to be updated for Askja UPP",,,"http://data.posccaesar.org/rdl/RDS14196773"
"DIFF",,"E","ERPH","A-50PA001A-M01","NO","A-50PA001A","ER018",50.0,,"Hot Seawater Circulation Pump A Motor","Process deck","AP400","SKID",,,,,,,"PERM",,,,,0.0,0.0,0.0,,,,,,,,,,,,,,,,,,,,,,,,,,,,,,
"DIFF",,"R","ERPA","A-50PA001B","YES",,"ER018",50.0,,"Hot Seawater Circulation Pump B","Process deck","AP400","AP400",3200.0,1400.0,1600.0,4.48,,,"PERM",0.15,3500.0,4024.9999999999995,50.0,312845.0,395748.0,514090.0,,,,,,17.0,"FV",-10.0,100.0,700.0,,,,,,150.0,,,"Titanium",,,,,,,,"Weight & Size scaled Info based on Sulzer for previus study  ,  to be updated for Askja UPP",,,"http://data.posccaesar.org/rdl/RDS14196773"
"DIFF",,"E","ERPA","A-50PA001B-M01","NO","A-50PA001B","ER018",50.0,,"Hot Seawater Circulation Pump B Motor","Process deck","AP400","SKID",,,,,,,"PERM",,,,,0.0,0.0,0.0,,,,,,,,,,,,,,,,,,,,,,,,,,,,,,
,,"R","ERPH","A-50PH001A","YES",,"ER011",50.0,,"Seawater Lift Pump A","Cellar deck","AP200","AP200",1400.0,1400.0,40000.0,1.96,,,"PERM",0.15,16000.0,18400.0,5000.0,319245.0,400299.0,500389.0,,,,,,,,,,2500.0,,,,,,950.0,,,"25%Cr Duplex",,,,,,,,"Lineshaft pump - Eureka",,,"http://data.posccaesar.org/rdl/RDS866114"
,,"E","ERPH","A-50PH001A-M01","NO","A-50PH001A","ER011",50.0,,"Seawater Lift Pump A Motor","Cellar deck","AP200","SKID",0.0,0.0,0.0,0.0,,,"PERM",,,0.0,,,,,,,,,,,,,,,,,,,,,800.0,,"25%Cr Duplex",,,,,,,,,,,
,,"R","ERPH","A-50PH001B","YES",,"ER011",50.0,,"Seawater Lift Pump B","Cellar deck","AP200","AP200",1400.0,1400.0,40000.0,1.96,,,"PERM",0.15,16000.0,18400.0,5000.0,319245.0,398149.0,500389.0,,,,,,,,,,2500.0,,,,,,950.0,,,"25%Cr Duplex",,,,,,,,"Lineshaft pump - Eureka",,,"http://data.posccaesar.org/rdl/RDS866114"
,,"E","ERPH","A-50PH001B-M01","NO","A-50PH001B","ER011",50.0,,"Seawater Lift Pump B Motor","Cellar deck","AP200","SKID",0.0,0.0,0.0,0.0,,,"PERM",,,0.0,,0.0,0.0,0.0,,,,,,,,,,,,,,,,,800.0,,,,,,,,,,,,,
,,"R","ERXX","A-50XX001",,,"ER012",50.0,,"Seawater Filtration Package","Mezzanine deck","AP300","AP300",6000.0,3000.0,5200.0,18.0,,,"PERM",0.15,18000.0,20700.0,4700.0,299000.0,400850.0,506708.0,,,,,,17.0,"FV",-10.0,50.0,,,,,,,,,,"25%Cr Duplex",,,,,,,"Pending decision on filter skid configuration vs single filter skid","Based on Filtrex proposal",,,"http://data.posccaesar.org/rdl/RDS4316489015"
,,"O",,"A-55XX100",,,"-",55.0,,"Steam Unit","Weather deck","AP500","AP500 TEMP",3600.0,2400.0,3000.0,8.64,,,"TEMP",0.15,8400.0,9660.0,,331650.0,390378.0,520998.0,,,,,,,,,,,,,,,,,,,,,,,,,,,"Temporary equipmeent for chem cleaning of separator - based on information from IKM report",,,
,,"R","ERTB","A-56TB001",,,"ER014",56.0,,"Open Drain Tank","W2W deck","AP100","AP100",2000.0,2000.0,2000.0,4.0,,,"PERM",0.15,2800.0,3219.9999999999995,7500.0,347824.0,395520.0,496642.0,,,,,,,,,,,,,,,,,,,,,,,,,,,,,,
,,"O",,"A-64XX100",,,"-",64.0,,"Nitrogen Bottle Rack","Weather deck","AP500","AP500 TEMP",2200.0,2000.0,2500.0,4.4,,,"TEMP",0.15,7950.0,9142.5,,334770.0,396768.0,521000.0,,,,,,,,,,,,,,,,,,,,,,,,,,,"Temporary equipmeent for chem cleaning of separator - based on information from IKM report",,,
,,"J","EJJB","A-71JC003A",,,"EI101",71.0,,"SAS Controller Node Cabinet (F&G) Askja UWP","Cellar deck","AQ200","CER 1",1000.0,800.0,2200.0,0.8,,,"PERM",0.15,200.0,229.99999999999997,,329500.0,403602.0,502360.0,,,,,,,,,,,,,,,,,,,,,,,,,,,,,,
,,"J","EJJB","A-71JC003B",,,"EI101",71.0,,"SAS Controller Node Cabinet (ESD) Askja UWP","Cellar deck","AQ200","CER 1",1000.0,800.0,2200.0,0.8,,,"PERM",0.15,200.0,229.99999999999997,,328498.0,403602.0,502360.0,,,,,,,,,,,,,,,,,,,,,,,,,,,,,,
"DIFF",,"R","ERMA","A-73MA001",,,"ER016",73.0,,"Pedestal Crane","Crane","AK000","NA",50000.0,4000.0,9600.0,200.0,,,"PERM",0.15,117000.0,134550.0,,338513.0,407602.0,531206.0,,,,,,,,,,,,,,,,,,,,,,,,,,,"General Purpose Offshore Crane, All electric wire luffing type - Based on Castberg crane design",,,
"DIFF",,"R",,"A-73ME001",,,"-",73.0,,"Floorbased mini crane","Weather deck","AP500","AP500 TEMP",3800.0,3800.0,2600.0,14.44,,,"TEMP",0.15,1800.0,2070.0,,0.0,0.0,0.0,,,,,,,,,,,,,,,,,,,,,,,,,,,"Temporary equipment to be brought in via the sypply vessel and mobilized as required by Operator",,,
,,"R",,"A-73MK002",,,"-",73.0,,"Temporary Umbilical Winch","Weather deck","AP500","AP500 TEMP",2800.0,2500.0,3591.0,7.0,,,"TEMP",0.15,7870.0,9050.5,,331565.0,399113.0,521005.0,,,,,,,,,,,,,,,,,,,,,,,,,,,"Temporary equipment",,,
"NEW",,"R","ERMX","A-73MX001",,,"ER016",73.0,,"Pedestal Adapter","Crane","AK000",,3200.0,3200.0,3500.0,10.24,,,"PERM",0.15,17300.0,19895.0,,,,,,,,,,,,,,,,,,,,,,,,,,,,,,,"Main dimension - access paltform has ring radious of around 6 meters. Based on Castberg crane design",,,
"DIFF",,"R","ERMX","A-73MX002",,,"ER016",73.0,,"Crane Pedestal","Crane","AK000","NA",,3200.0,13000.0,10.24,,,"PERM",0.15,35000.0,40250.0,,344500.0,407400.0,521005.0,,,,,,,,,,,,,,,,,,,,,,,,,,,"Preliminary inhouse estimate",,,
,,"R",,"A-73MZ002",,,"-",73.0,,"Temporary HPU for Umbilical Winch","Weather deck","AP500","AP500 TEMP",2378.0,2438.0,2591.0,5.797564,,,"TEMP",0.15,9000.0,10350.0,,331047.0,394368.0,521000.0,,,,,,,,,,,,,,,,,,,,,,,,,,,"Temporary equipment",,,
,,"S",,"A-76SX001",,,"ES001",76.0,,"Temporary Escape Chute","Stair tower east","AQ110","AQ110",2100.0,1400.0,1400.0,2.94,,,"TEMP",0.15,1200.0,1380.0,,348940.0,390950.0,499280.0,,,,,,,,,,,,,,,,,,,,,,,,,,,"Viking SES Basic chute - note this is temporary equipment.  No special design increasing the cost from a normal chute. Coordinates gotten from Martine 02.02.2021",,,
"NEW",,"E","EEER","A-77ER001A",,,"EH001",77.0,,"VSD for Recirculation Unit A","Mezzanine deck","AQ300","LV swb. room 1",430.0,610.0,2150.0,0.2623,,,"PERM",0.15,240.0,276.0,,325650.0,389320.0,509300.0,,,,,,,,,,,,,,,,,,,,,,,,,,,,,,
"NEW",,"E","EEER","A-77ER001B",,,"EH001",77.0,,"VSD for Recirculation Unit B","Mezzanine deck","AQ300","LV swb. room 1",430.0,610.0,2150.0,0.2623,,,"PERM",0.15,240.0,276.0,,325170.0,389320.0,509300.0,,,,,,,,,,,,,,,,,,,,,,,,,,,,,,
"NEW",,"E","EEER","A-77ER002A",,,"EH001",77.0,,"VSD for Air handling Unit A","Mezzanine deck","AQ300","LV swb. room 1",430.0,610.0,2150.0,0.2623,,,"PERM",0.15,240.0,276.0,,324690.0,389320.0,509300.0,,,,,,,,,,,,,,,,,,,,,,,,,,,,,,
"NEW",,"E","EEER","A-77ER002B",,,"EH001",77.0,,"VSD for Air handling Unit B","Mezzanine deck","AQ300","LV swb. room 1",430.0,610.0,2150.0,0.2623,,,"PERM",0.15,240.0,276.0,,324210.0,389320.0,509300.0,,,,,,,,,,,,,,,,,,,,,,,,,,,,,,
"NEW",,"E","EEER","A-77ER003A",,,"EH001",77.0,,"VSD for Air Exact Unit A","Mezzanine deck","AQ300","LV swb. room 1",430.0,610.0,2150.0,0.2623,,,"PERM",0.15,240.0,276.0,,323730.0,389320.0,509300.0,,,,,,,,,,,,,,,,,,,,,,,,,,,,,,
"NEW",,"E","EEER","A-77ER003B",,,"EH001",77.0,,"VSD for Air Exact Unit B","Mezzanine deck","AQ300","LV swb. room 1",430.0,610.0,2150.0,0.2623,,,"PERM",0.15,240.0,276.0,,323250.0,389320.0,509300.0,,,,,,,,,,,,,,,,,,,,,,,,,,,,,,
"NEW",,"E","EEER","A-77ER004A",,,"EH001",77.0,,"Thyristor Panel for Air Heater A","Mezzanine deck","AQ300","LV swb. room 2",1000.0,400.0,1900.0,0.4,,,"PERM",0.15,300.0,345.0,,329767.0,384180.0,509300.0,,,,,,,,,,,,,,,,,,,,,,,,,,,,,,
"NEW",,"E","EEER","A-77ER004B",,,"EH001",77.0,,"Thyristor Panel for Air Heater B","Mezzanine deck","AQ300","LV swb. room 2",1000.0,400.0,1900.0,0.4,,,"PERM",0.15,300.0,345.0,,329767.0,383170.0,509300.0,,,,,,,,,,,,,,,,,,,,,,,,,,,,,,
"NEW",,"H","EEFE","A-77FE002",,,"EH001",77.0,,"Re-heater for Battery room A","Cellar deck","AQ200","Battery room A",300.0,300.0,300.0,0.09,,,"PERM",0.15,20.0,20.0,,,,,,,,,,,,,,,,,,,,,,,,,,,,,,,,,,
"NEW",,"H","EEFE","A-77FE003",,,"EH001",77.0,,"Re-heater for battery room B","Cellar deck","AQ200","Battery room B",300.0,300.0,300.0,0.09,,,"PERM",0.15,20.0,20.0,,,,,,,,,,,,,,,,,,,,,,,,,,,,,,,,,,
"DIFF",,"H","EGGX","A-77GX001",,,"EH001",77.0,,"HVAC Recirculation Unit","Mezzanine deck","AQ300","HVAC",8910.0,2600.0,4400.0,23.166,,,"PERM",0.15,10500.0,12074.999999999998,,337624.0,382646.0,507002.0,,,,,,,,,,32000.0,,,,,,,11.0,,,,,,,,,,"Based on Covent AS provided info and Novenco standard drawing",,,
"DIFF",,"H","EGGX","A-77GX002",,,"EH001",77.0,,"HVAC Air Handling Unit - Fresh Air","Cellar deck","AQ200","HVAC",8910.0,3980.0,5600.0,35.4618,,,"PERM",0.15,21750.0,25012.499999999996,,342549.0,395993.0,500100.0,,,,,,,,,,63000.0,,,,,,,164.0,,,,,,,,,,"Based on Covent AS provided info and Novenco standard drawing",,,
"DIFF",,"H","EGGX","A-77GX003",,,"EH001",77.0,,"HVAC Extract Unit","Cellar deck","AQ200","HVAC",6600.0,2600.0,5600.0,17.16,,,"PERM",0.15,7500.0,8625.0,,336295.0,396611.0,500002.0,,,,,,,,,,63000.0,,,,,,,21.0,,,,,,,,,,"Based on Covent AS provided info and Novenco standard drawing",,,
"DIFF",,"H","EGGX","A-77GX003",,,"EH001",77.0,,"HVAC Extract Unit","Cellar deck","AQ200","HVAC",6600.0,2600.0,5600.0,17.16,,,"PERM",0.15,7500.0,8625.0,,336295.0,396611.0,500002.0,,,,,,,,,,63000.0,,,,,,,21.0,,,,,,,,,,"Based on Covent AS provided info and Novenco standard drawing",,,
,,"J","EJJB","A-79JC001A",,,"EI101",79.0,,"SAS Controller Node Cabinet (PSD) Askja UWP","Cellar deck","AQ200","CER 1",1000.0,800.0,2200.0,0.8,,,"PERM",0.15,200.0,229.99999999999997,,326494.0,403602.0,502360.0,,,,,,,,,,,,,,,,,,,,,,,,,,,,,,
,,"J","EJJB","A-79JC001B",,,"EI101",79.0,,"SAS Controller Node Cabinet (PCS) Askja UWP","Cellar deck","AQ200","CER 1",1000.0,800.0,2200.0,0.8,,,"PERM",0.15,200.0,229.99999999999997,,327496.0,403602.0,502360.0,,,,,,,,,,,,,,,,,,,,,,,,,,,,,,
"NEW",,"E","EEEH","A-80EH001",,,"EE002",80.0,,"11 kV Switchgear A/B","Mezzanine deck","AQ300","HV equipment room",14000.0,1200.0,2600.0,16.8,,,"PERM",0.15,18521.739130434784,21300.0,,333058.0,378115.0,509500.0,,,,,,,,,,,,,,,,,,,,,,,,,,,,,,
"NEW",,"E","EEEH","A-80EH101",,,"EE002",80.0,,"100 kV Gas Insulated Switchgear","Process deck","AQ400","HV GIS room",6000.0,4800.0,3600.0,28.8,,,"PERM",0.15,17500.0,20125.0,,328377.0,380515.0,515516.0,,,,,,,,,,,,,,,,,,,,,,,,,,,,,,
"DIFF",,"E","EEET","A-80ET001A",,,"EE001",80.0,,"100/11 kV Transformer 12.5 MVA","Process deck","AQ400","HV Transformer room",5000.0,4000.0,4800.0,20.0,,,"PERM",0.15,35000.0,40250.0,9971.804806771854,340390.0,382490.0,516220.0,,,,,,,,,,,,,,,,,12500.0,,,,,,,,,"size/rating may increase depending on maturity of system design and selection of pipeheating solution","Air cooled KNAN transformer",,,
"DIFF",,"E","EEET","A-80ET001B",,,"EE001",80.0,,"100/11 kV Transformer 12.5 MVA","Process deck","AQ400","HV Transformer room",5000.0,4000.0,4800.0,20.0,,,"PERM",0.15,35000.0,40250.0,9971.804806771854,340290.0,375840.0,516220.0,,,,,,,,,,,,,,,,,12500.0,,,,,,,,,"size/rating may increase depending on maturity of system design and selection of pipeheating solution","Air cooled KNAN transformer",,,
"DIFF",,"E","EEEY","A-80EY001A",,,"EE001",80.0,,"Neutral Earhing Resistor","Process deck","AQ400","HV Transformer room",1300.0,1000.0,1800.0,1.3,,,"PERM",0.15,1200.0,1380.0,,335000.0,380800.0,514985.0,,,,,,,,,,,,,,,,,,,,,,,,,,,,,,
"DIFF",,"E","EEEY","A-80EY001B",,,"EE001",80.0,,"Neutral Earhing Resistor","Process deck","AQ400","HV Transformer room",1300.0,1000.0,1800.0,1.3,,,"PERM",0.15,1200.0,1380.0,,335000.0,376950.0,514935.0,,,,,,,,,,,,,,,,,,,,,,,,,,,,,,
,,"E","EEEL","A-82EL010",,,"EE005",82.0,,"400 V Main Distribution Board","Mezzanine deck","AQ300","LV swb. room 1",4000.0,600.0,2200.0,2.4,,,"PERM",0.15,1500.0,1724.9999999999998,,332194.0,400637.0,509350.0,,,,,,,,,,,,,,,,,,,,,,,,,,"size of the 400/230 V DB may increase during detial  design phase",,,,
,,"E","EEEL","A-82EL020",,,"EE005",82.0,,"400 V Main Distribution Board","Mezzanine deck","AQ300","LV swb. room 1",4000.0,600.0,2200.0,2.4,,,"PERM",0.15,1500.0,1724.9999999999998,,332194.0,393137.0,509350.0,,,,,,,,,,,,,,,,,,,,,,,,,,"size of the 400/230 V DB may increase during detial  design phase",,,,
"DIFF",,"E","EEEN","A-82EN001",,,"EE002",82.0,,"690 V Switchboard A/B","Mezzanine deck","AQ300","LV swb. room 1",10000.0,1200.0,2200.0,12.0,,,"PERM",0.15,5500.0,6324.999999999999,,328303.0,395981.0,509300.0,,,,,,,,,,,,,,,,,,,,,,,,,,"30% contingency included based on current design. However, size of 690 V SWB may increase when process/utility design maturs in FEED detial phase",,,,
"DIFF",,"E","EEEN","A-82EN002",,,"EE002",82.0,,"690 V Switchboard C","Mezzanine deck","AQ300","LV swb. room 2",4000.0,800.0,2200.0,3.2,,,"PERM",0.15,2500.0,2875.0,,325053.0,384121.0,509200.0,,,,,,,,,,,,,,,,,,,,,,,,,,"30% contingency included based on current design. However, size of 690 V SWB may increase when process/utility design maturs in FEED detial phase",,,,
,,"E","EEET","A-82ET001A",,,"EE001",82.0,,"11/0.69 kV Transformer A 3150 kVA","Mezzanine deck","AQ300","MV Transformer room",2900.0,1700.0,2600.0,4.93,,,"PERM",0.15,6800.0,7819.999999999999,,334775.0,399032.0,508295.0,,,,,,,,,,,,,,,,,3150.0,,,,,,,,,,"Dry type air cooled transformer",,,
,,"E","EEET","A-82ET001B",,,"EE001",82.0,,"11/0.69 kV Transformer B 3150 kVA","Mezzanine deck","AQ300","MV Transformer room",2900.0,1700.0,2600.0,4.93,,,"PERM",0.15,6800.0,7819.999999999999,,334772.0,394924.0,508295.0,,,,,,,,,,,,,,,,,3150.0,,,,,,,,,,"Dry type air cooled transformer",,,
"DIFF",,"E","EEET","A-82ET002",,,"EE001",82.0,,"11/0.69 kV Transformer C 3150 kVA","Mezzanine deck","AQ300","MV Transformer room",2900.0,1700.0,2600.0,4.93,,,"PERM",0.15,6800.0,7819.999999999999,,335115.0,391167.0,508295.0,,,,,,,,,,,,,,,,,3150.0,,,,,,,,,,"Dry type air cooled transformer",,,
"DIFF",,"E","EEET","A-82ET003",,,"EE001",82.0,,"11/0.69 kV Transformer 690 kVA - Essential Power","Mezzanine deck","AQ300","MV Transformer room",2000.0,1200.0,1800.0,2.4,,,"PERM",0.15,4500.0,5175.0,,324800.0,373115.0,508350.0,,,,,,,,,,,,,,,,,3150.0,,,,,,,,,,"Dry type air cooled transformer",,,
,,"E","EEET","A-82ET010",,,"EE004",82.0,,"690/400 V Transformer 315 kVA","Mezzanine deck","AQ300","MV Transformer room",1900.0,1300.0,1500.0,2.47,,,"PERM",0.15,1400.0,1609.9999999999998,,343048.0,394439.0,507885.0,,,,,,,,,,,,,,,,,315.0,,,,,,,,,"Size may increase if it is decided to be 2x100% on 400 V distribution system",,,,
,,"E","EEET","A-82ET020",,,"EE004",82.0,,"690/400 V Transformer 315 kVA","Mezzanine deck","AQ300","MV Transformer room",1900.0,1300.0,1500.0,2.47,,,"PERM",0.15,1400.0,1609.9999999999998,,343048.0,391939.0,507885.0,,,,,,,,,,,,,,,,,315.0,,,,,,,,,"Size may increase if it is decided to be 2x100% on 400 V distribution system",,,,
"DIFF",,"E","EEEY","A-82EY001A",,,"EE001",82.0,,"Neutral Earhing Resistor","Mezzanine deck","AQ300","MV Transformer room",500.0,350.0,600.0,0.175,,,"PERM",0.15,30.0,34.5,,333067.0,396978.0,507940.0,,,,,,,,,,,,,,,,,,,,,,,,,,,,,,
"DIFF",,"E","EEEY","A-82EY001B",,,"EE001",82.0,,"Neutral Earhing Resistor","Mezzanine deck","AQ300","MV Transformer room",500.0,350.0,600.0,0.175,,,"PERM",0.15,30.0,34.5,,333067.0,392928.0,507940.0,,,,,,,,,,,,,,,,,,,,,,,,,,,,,,
"DIFF",,"E","EEEY","A-82EY002",,,"EE001",82.0,,"Neutral Earhing Resistor","Mezzanine deck","AQ300","MV Transformer room",500.0,350.0,600.0,0.175,,,"PERM",0.15,30.0,34.5,,333067.0,389428.0,507940.0,,,,,,,,,,,,,,,,,,,,,,,,,,,,,,
"DIFF",,"E","EEEB","A-85EB001A",,,"EE003",85.0,,"UPS Battery Bank A","Mezzanine deck","AQ300","Battery room A",10500.0,800.0,1675.0,8.4,,,"PERM",0.15,13700.0,15754.999999999998,,340475.0,384547.0,500900.0,,,,,,,,,,,,,,,,,,,,,,,,,,"uncertainties related to change of battery type and potential increase of UPS loads",,,,
"DIFF",,"E","EEEB","A-85EB001B",,,"EE003",85.0,,"UPS Battery Bank B","Cellar deck","AQ200","Battery room B",10500.0,800.0,1675.0,8.4,,,"PERM",0.15,13700.0,15754.999999999998,,340475.0,379622.0,500900.0,,,,,,,,,,,,,,,,,,,,,,,,,,"uncertainties related change of battery type and potential increase of UPS loads",,,,
"DIFF",,"E","EEEB","A-85EB002",,,"EE006",85.0,,"Navaid Battery Bank","Cellar deck","AQ200","UPS room A",570.0,940.0,680.0,0.5358,,,"PERM",0.15,135.0,155.25,,336100.0,383300.0,501650.0,,,,,,,,,,,,,,,,,,,,,,,,,,,,,,
"DIFF",,"E","EEEC","A-85EC002",,,"EE006",85.0,,"Navaid Control Panel","Cellar deck","AQ200","UPS room A",900.0,350.0,1150.0,0.315,,,"PERM",0.15,150.0,172.5,,336450.0,384650.0,501200.0,,,,,,,,,,,,,,,,,,,,,,,,,,,,,,
,,"E","EEEL","A-85EL010A",,,"EE003",85.0,,"400/230 VAC UPS Distribution Board A","Cellar deck","AQ200","UPS room A",1800.0,650.0,2000.0,1.17,,,"PERM",0.15,500.0,575.0,,333016.0,385804.0,502200.0,,,,,,,,,,,,,,,,,,,,,,,,,,,,,,
,,"E","EEEL","A-85EL010B",,,"EE003",85.0,,"400/230 VAC UPS Distribution Board B","Cellar deck","AQ200","UPS room B",1800.0,650.0,2000.0,1.17,,,"PERM",0.15,500.0,575.0,,336050.0,378427.0,502200.0,,,,,,,,,,,,,,,,,,,,,,,,,,,,,,
,,"E","EEEL","A-85EL011A",,,"EE003",85.0,,"400/230 VAC UPS Sub Distribution Board A","Mezzanine deck","AQ300","CER 1",900.0,650.0,2000.0,0.585,,,"PERM",0.15,250.0,287.5,,332927.0,399190.0,502260.0,,,,,,,,,,,,,,,,,,,,,,,,,,,,,,
,,"E","EEEL","A-85EL011B",,,"EE003",85.0,,"400/230 VAC UPS Sub Distribution Board B","Mezzanine deck","AQ300","CER 1",900.0,650.0,2000.0,0.585,,,"PERM",0.15,250.0,287.5,,332927.0,390490.0,502260.0,,,,,,,,,,,,,,,,,,,,,,,,,,,,,,
,,"E","EEEL","A-85EL012A",,,"EE003",85.0,,"400/230 VAC UPS Sub Distribution Board A","Cellar deck","AQ200","CER 2",900.0,650.0,2000.0,0.585,,,"PERM",0.15,250.0,287.5,,327256.0,371907.0,502260.0,,,,,,,,,,,,,,,,,,,,,,,,,,,,,,
,,"E","EEEL","A-85EL012B",,,"EE003",85.0,,"400/230 VAC UPS Sub Distribution Board B","Cellar deck","AQ200","CER 2",900.0,650.0,2000.0,0.585,,,"PERM",0.15,250.0,287.5,,328286.0,371907.0,502260.0,,,,,,,,,,,,,,,,,,,,,,,,,,,,,,
,,"E","EEER","A-85ER001A",,,"EE003",85.0,,"400 VAC 3-phase UPS A, 240 kVA","Cellar deck","AQ200","UPS room A",4000.0,800.0,2100.0,3.2,,,"PERM",0.15,5000.0,5750.0,,332969.0,383353.0,502200.0,,,,,,,,,,,,,,,,,240.0,,,,,,,,,"potential increase in detial design phase, also depending on selection of supplier",,,,
"DIFF",,"E","EEER","A-85ER001B",,,"EE003",85.0,,"400 VAC 3-phase UPS B, 240 kVA","Cellar deck","AQ200","UPS room B",4000.0,800.0,2100.0,3.2,,,"PERM",0.15,5000.0,5750.0,,332970.0,377953.0,502200.0,,,,,,,,,,,,,,,,,240.0,,,,,,,,,"potential increase in detial design phase, also depending on selection of supplier",,,,
,,"E",,"A-85EX002",,,"EE006",85.0,,"Navaid Battery Breaker","Cellar deck","AQ200","UPS room A",300.0,160.0,680.0,0.048,,,"PERM",0.15,65.0,74.75,,336300.0,384200.0,501600.0,,,,,,,,,,,,,,,,,,,,,,,,,,,,,,
,,"E",,"A-85EZ001",,,"EE006",85.0,,"Navaid Main and Secondary Light","Cellar deck","AQ200","Cellar deck",800.0,400.0,1900.0,0.32,,,"PERM",0.15,250.0,287.5,,346600.0,406450.0,501000.0,,,,,,,,,,,,,,,,,,,,,,,,,,,,,,
,,"E",,"A-85EZ002",,,"EE006",85.0,,"Navaid Sub Light","Cellar deck","AQ200","Cellar deck",700.0,400.0,600.0,0.28,,,"PERM",0.15,30.0,34.5,,347250.0,369300.0,501000.0,,,,,,,,,,,,,,,,,,,,,,,,,,,,,,
,,"T","ETRA","A-86RA001",,,"ET001",86.0,,"GA Cabinet #1 A system","Cellar deck","AQ200","CER 2",1000.0,800.0,2200.0,0.8,,,"PERM",0.15,400.0,459.99999999999994,,325492.0,403602.0,502360.0,,,,,,,,,,,,,,,,,,,,,,,,,,,,,,
,,"T","ETRA","A-86RA002",,,"ET001",86.0,,"GA Cabinet #2 B system","Cellar deck","AQ200","CER 1",1000.0,800.0,2200.0,0.8,,,"PERM",0.15,400.0,459.99999999999994,,325288.0,381938.0,502360.0,,,,,,,,,,,,,,,,,,,,,,,,,,,,,,
,,"T","ETRC","A-86RC001",,,"ET001",86.0,,"Closed Circuit Television (CCTV) Cabinet","Cellar deck","AQ200","CER 2",1000.0,800.0,2200.0,0.8,,,"PERM",0.15,400.0,459.99999999999994,,326290.0,381938.0,502360.0,,,,,,,,,,,,,,,,,,,,,,,,,,,,,,
,,"T","ETRO","A-86RO001",,,"ET001",86.0,,"Distribution Cabinet Office Data Network","Cellar deck","AQ200","CER 2",1000.0,800.0,2200.0,0.8,,,"PERM",0.15,400.0,459.99999999999994,,327292.0,381938.0,502360.0,,,,,,,,,,,,,,,,,,,,,,,,,,,,,,
,,"T","ETRO","A-86RO002",,,"ET001",86.0,,"Distribution Cabinet Technincal data network","Cellar deck","AQ200","CER 2",1000.0,800.0,2200.0,0.8,,,"PERM",0.15,400.0,459.99999999999994,,328294.0,381938.0,502360.0,,,,,,,,,,,,,,,,,,,,,,,,,,,,,,
,,"T","ETRO","A-86RO003",,,"ET001",86.0,,"Distribution Cabinet Fibre cable links","Cellar deck","AQ200","CER 2",1000.0,800.0,2200.0,0.8,,,"PERM",0.15,400.0,459.99999999999994,,329296.0,381938.0,502360.0,,,,,,,,,,,,,,,,,,,,,,,,,,,,,,
,,"T","ETRO","A-86RO004",,,"ET001",86.0,,"MPLS Cabinet Route bundle A","Cellar deck","AQ200","CER 2",1000.0,800.0,2200.0,0.8,,,"PERM",0.15,400.0,459.99999999999994,,328294.0,381938.0,502360.0,,,,,,,,,,,,,,,,,,,,,,,,,,,,,,
,,"T","ETRO","A-86RO005",,,"ET001",86.0,,"MPLS Cabinet Route bundle B","Cellar deck","AQ200","CER 1",1000.0,800.0,2200.0,0.8,,,"PERM",0.15,400.0,459.99999999999994,,326290.0,381938.0,502360.0,,,,,,,,,,,,,,,,,,,,,,,,,,,,,,
,,"T","ETRR","A-86RR001",,,"ET001",86.0,,"Radar and AIS Cabinet","Cellar deck","AQ200","CER 2",1000.0,800.0,2200.0,0.8,,,"PERM",0.15,400.0,459.99999999999994,,325288.0,383938.0,502360.0,,,,,,,,,,,,,,,,,,,,,,,,,,,,,,
,,"T","ETRR","A-86RR002",,,"ET001",86.0,,"VTMS Radar Antenna # 1 and Antenna Control Unit # 1","Weather deck","AP500","AP500 CANTILEVER",2800.0,2800.0,2730.0,7.84,,,"PERM",0.15,1100.0,1265.0,,346300.0,368450.0,521000.0,,,,,,,,,,,,,,,,,,,,,,,,,,,,,,
,,"T","ETRR","A-86RR003",,,"ET001",86.0,,"OSD Radar Antenna # 1 and Antenna Control Unit # 1","Weather deck","AP500","AP500 E",1100.0,800.0,800.0,0.88,,,"PERM",0.15,200.0,229.99999999999997,,346300.0,368450.0,521000.0,,,,,,,,,,,,,,,,,,,,,,,,,,,,,,
,,"T","ETRS","A-86RS001",,,"ET001",86.0,,"Optical JB Communication to shore bundle A","Cellar deck","AQ200","CER 2",1000.0,800.0,400.0,0.8,,,"PERM",0.15,100.0,114.99999999999999,,327000.0,377800.0,502800.0,,,,,,,,,,,,,,,,,,,,,,,,,,,,,,
,,"T","ETRS","A-86RS002",,,"ET001",86.0,,"Optical JB Communication to shore bundle B","Cellar deck","AQ200","CER 2",1000.0,800.0,400.0,0.8,,,"PERM",0.15,100.0,114.99999999999999,,325800.0,377800.0,502800.0,,,,,,,,,,,,,,,,,,,,,,,,,,,,,,
,,"T","ETRS","A-86RS003",,,"ET001",86.0,,"Optical JB Communication to NoA PdQ bundle A","Cellar deck","AP200","Cellar deck",1000.0,800.0,400.0,0.8,,,"PERM",0.15,100.0,114.99999999999999,,327000.0,374800.0,502800.0,,,,,,,,,,,,,,,,,,,,,,,,,,,,,,
,,"T","ETRS","A-86RS004",,,"ET001",86.0,,"Optical JB Communication to NoA PdQ bundle B","Cellar deck","AP200","Cellar deck",1000.0,800.0,400.0,0.8,,,"PERM",0.15,100.0,114.99999999999999,,325800.0,374800.0,502800.0,,,,,,,,,,,,,,,,,,,,,,,,,,,,,,
"DIFF",,"T","ETRS","A-86RS005",,,"ET001",86.0,,"Optical JB Communication to Krafla UWP and shore bundle A","Cellar deck","AQ200","CER 2",1000.0,800.0,400.0,0.8,,,"PERM",0.15,100.0,114.99999999999999,,330400.0,377800.0,502800.0,,,,,,,,,,,,,,,,,,,,,,,,,,,,,,
"DIFF",,"T","ETRS","A-86RS006",,,"ET001",86.0,,"Optical JB Communication to Krafla UWP and shore bundle B","Cellar deck","AQ200","CER 2",1000.0,800.0,400.0,0.8,,,"PERM",0.15,100.0,114.99999999999999,,329200.0,377800.0,502800.0,,,,,,,,,,,,,,,,,,,,,,,,,,,,,,
,,"T","ETRS","A-86RS007",,,"ET001",86.0,,"Optical JB Communication to Askja UWP bundle A","Process deck","AP300","Process deck",1000.0,800.0,400.0,0.8,,,"PERM",0.15,100.0,114.99999999999999,,294000.0,403600.0,515800.0,,,,,,,,,,,,,,,,,,,,,,,,,,,,,,
,,"T","ETRS","A-86RS008",,,"ET001",86.0,,"Optical JB Communication to Askja UWP bundle B","Process deck","AP300","Process deck",1000.0,800.0,400.0,0.8,,,"PERM",0.15,100.0,114.99999999999999,,295200.0,403600.0,515800.0,,,,,,,,,,,,,,,,,,,,,,,,,,,,,,
,,"T","ETRX","A-86RX001",,,"ET001",86.0,,"Tetra/UHF and PRS cabinet","Cellar deck","AQ200","CER 2",1000.0,800.0,2200.0,0.8,,,"PERM",0.15,400.0,459.99999999999994,,330298.0,379538.0,502360.0,,,,,,,,,,,,,,,,,,,,,,,,,,,,,,
,,"T","ETRX","A-86RX002",,,"ET001",86.0,,"Bird Deterrent System Cabinet","Cellar deck","AQ200","CER 2",1000.0,800.0,2200.0,0.8,,,"PERM",0.15,400.0,459.99999999999994,,329296.0,379538.0,502360.0,,,,,,,,,,,,,,,,,,,,,,,,,,,,,,
,,"T","ETRX","A-86RX003",,,"ET001",86.0,,"4G/5G and robotics Cabinet","Cellar deck","AQ200","CER 2",1000.0,800.0,2200.0,0.8,,,"PERM",0.15,400.0,459.99999999999994,,328294.0,379538.0,502360.0,,,,,,,,,,,,,,,,,,,,,,,,,,,,,,
,,"T","ETRX","A-86RX004",,,"ET001",86.0,,"VHF and GMDSS cabinet","Cellar deck","AQ200","CER 2",1000.0,800.0,2200.0,0.8,,,"PERM",0.15,400.0,459.99999999999994,,327292.0,379538.0,502360.0,,,,,,,,,,,,,,,,,,,,,,,,,,,,,,
"DIFF",,"T","ETRX","A-86RX005",,,"ET001",86.0,,"GPS and positioning cabinet (Subsidence monitoring)","Cellar deck","AQ200","CER 2",1000.0,800.0,2200.0,0.8,,,"PERM",0.15,400.0,459.99999999999994,,326290.0,379538.0,502360.0,,,,,,,,,,,,,,,,,,,,,,,,,,,,,,
,,"T","ETRX","A-86RX006",,,"ET001",86.0,,"Spare cabinet # 1","Cellar deck","AQ200","CER 2",1000.0,800.0,2200.0,0.8,,,"PERM",0.15,400.0,459.99999999999994,,325288.0,379538.0,502360.0,,,,,,,,,,,,,,,,,,,,,,,,,,,,,,
,,"U",,"A-87IZ001A/B",,,"-",87.0,,"Krafla SPCU Cabinet","Cellar deck","AQ200","HOLD",1600.0,800.0,2200.0,1.28,,,"PERM",0.15,600.0,690.0,,,,,,,,,,,,,,,,,,,,,,,,,,,,,,,,,,
,,"U",,"A-87IZ002A/B",,,"-",87.0,,"Central SPCU Cabinet","Cellar deck","AQ200","HOLD",1600.0,800.0,2200.0,1.28,,,"PERM",0.15,600.0,690.0,,,,,,,,,,,,,,,,,,,,,,,,,,,,,,,,,,
,,"J","EJJB","A-87JC001",,,"EI101",87.0,,"SAS Controller Node Cabinet (F&G) Krafla UWP","Cellar deck","AQ200","CER 1",400.0,800.0,2200.0,0.32,,,"PERM",0.15,200.0,229.99999999999997,,330000.0,397355.0,502360.0,,,,,,,,,,,,,,,,,,,,,,,,,,,,,,
,,"J","EJJB","A-87JC002",,,"EI101",87.0,,"SAS Controller Node Cabinet (ESD) Krafla UWP","Cellar deck","AQ200","CER 1",400.0,800.0,2200.0,0.32,,,"PERM",0.15,200.0,229.99999999999997,,329198.0,397355.0,502360.0,,,,,,,,,,,,,,,,,,,,,,,,,,,,,,
,,"J","EJJB","A-87JC003",,,"EI101",87.0,,"SAS Controller Node Cabinet (PSD) Krafla UWP","Cellar deck","AQ200","CER 1",400.0,800.0,2200.0,0.32,,,"PERM",0.15,200.0,229.99999999999997,,327594.0,397355.0,502360.0,,,,,,,,,,,,,,,,,,,,,,,,,,,,,,
,,"J","EJJB","A-87JC004",,,"EI101",87.0,,"SAS Controller Node Cabinet (PCS) Krafla UWP","Cellar deck","AQ200","CER 1",400.0,800.0,2200.0,0.32,,,"PERM",0.15,200.0,229.99999999999997,,327594.0,397355.0,502360.0,,,,,,,,,,,,,,,,,,,,,,,,,,,,,,
,,"J","EJJB","A-87JC005",,,"EI101",87.0,,"SAS Controller Node Cabinet (F&G) Askja UPP","Cellar deck","AQ200","CER 1",400.0,800.0,2200.0,0.32,,,"PERM",0.15,200.0,229.99999999999997,,326792.0,397355.0,502360.0,,,,,,,,,,,,,,,,,,,,,,,,,,,,,,
,,"J","EJJB","A-87JC006",,,"EI101",87.0,,"SAS Controller Node Cabinet (ESD) Askja UPP","Cellar deck","AQ200","CER 1",400.0,800.0,2200.0,0.32,,,"PERM",0.15,200.0,229.99999999999997,,325990.0,397355.0,502360.0,,,,,,,,,,,,,,,,,,,,,,,,,,,,,,
,,"J","EJJB","A-87JC007",,,"EI101",87.0,,"SAS Controller Node Cabinet (PSD) Askja UPP","Cellar deck","AQ200","CER 1",400.0,800.0,2200.0,0.32,,,"PERM",0.15,200.0,229.99999999999997,,325188.0,397355.0,502360.0,,,,,,,,,,,,,,,,,,,,,,,,,,,,,,
,,"J","EJJB","A-87JC008",,,"EI101",87.0,,"SAS Controller Node Cabinet (PCS Main process) Askja UPP","Cellar deck","AQ200","CER 1",400.0,800.0,2200.0,0.32,,,"PERM",0.15,200.0,229.99999999999997,,325190.0,396950.0,502360.0,,,,,,,,,,,,,,,,,,,,,,,,,,,,,,
,,"J","EJJB","A-87JC009",,,"EI101",87.0,,"SAS Controller Node Cabinet (PCS Main process) Askja UPP","Cellar deck","AQ200","CER 1",400.0,800.0,2200.0,0.32,,,"PERM",0.15,200.0,229.99999999999997,,,,,,,,,,,,,,,,,,,,,,,,,,,,,,,,,,
"DIFF",,"J","EJJB","A-87JC010",,,"EI101",87.0,,"SAS Controller Node Cabinet (PCS Utility) Askja UPP","Cellar deck","AQ200","CER 1",400.0,800.0,2200.0,0.32,,,"PERM",0.15,200.0,229.99999999999997,,326794.0,396950.0,502360.0,,,,,,,,,,,,,,,,,,,,,,,,,,,,,,
"DIFF",,"J","EJJB","A-87JC011",,,"EI101",87.0,,"SAS Controller Node Cabinet (PCS Utility) Askja UPP","Cellar deck","AQ200","CER 1",400.0,800.0,2200.0,0.32,,,"PERM",0.15,200.0,229.99999999999997,,,,,,,,,,,,,,,,,,,,,,,,,,,,,,,,,,
,,"J","EJJB","A-87JC012",,,"EI101",87.0,,"SAS Controller Node Cabinet (PDCS Electrical Equipment) Askja UPP","Cellar deck","AQ200","CER 1",400.0,800.0,2200.0,0.32,,,"PERM",0.15,200.0,229.99999999999997,,325992.0,396950.0,502360.0,,,,,,,,,,,,,,,,,,,,,,,,,,,,,,
,,"J","EJJB","A-87JC017",,,"EI101",87.0,,"SAS Controller Node Cabinet (PDCS Electrical Equipment) Askja UPP","Cellar deck","AQ200","CER 1",400.0,800.0,2200.0,0.32,,,"PERM",0.15,200.0,229.99999999999997,,328396.0,394930.0,502360.0,,,,,,,,,,,,,,,,,,,,,,,,,,,,,,
,,"J","EJJB","A-87JC018",,,"EI101",87.0,,"SAS Controller Node Cabinet (Electrical PMS) Askja UPP","Cellar deck","AQ200","CER 1",400.0,800.0,2200.0,0.32,,,"PERM",0.15,200.0,229.99999999999997,,329198.0,394930.0,502360.0,,,,,,,,,,,,,,,,,,,,,,,,,,,,,,
,,"J","EJJB","A-87JC020",,,"EI101",87.0,,"AKER BP PDq I/O control cabinet","Cellar deck","AQ200","CER 1",400.0,800.0,2200.0,0.32,,,"PERM",0.15,200.0,229.99999999999997,,330002.0,394525.0,502360.0,,,,,,,,,,,,,,,,,,,,,,,,,,,,,,
,,"J","EJJB","A-87JC021",,,"EI102",87.0,,"CM/IIoT – I/O Cabinet","Cellar deck","AQ200","CER 1",400.0,800.0,2200.0,0.32,,,"PERM",0.15,200.0,229.99999999999997,,330002.0,392505.0,502360.0,,,,,,,,,,,,,,,,,,,,,,,,,,,,,,
,,"J","EJJB","A-87JC022",,,"EI102",87.0,,"CM/IIoT – I/O Cabinet","Cellar deck","AQ200","CER 1",400.0,800.0,2200.0,0.32,,,"PERM",0.15,200.0,229.99999999999997,,329200.0,392505.0,502360.0,,,,,,,,,,,,,,,,,,,,,,,,,,,,,,
,,"J","EJJB","A-87JC023",,,"EI102",87.0,,"CM/IIoT – I/O Cabinet","Cellar deck","AQ200","CER 1",400.0,800.0,2200.0,0.32,,,"PERM",0.15,200.0,229.99999999999997,,328398.0,392505.0,502360.0,,,,,,,,,,,,,,,,,,,,,,,,,,,,,,
,,"J","EJJB","A-87JC024",,,"EI102",87.0,,"CM/IIoT – Control Cabinet","Cellar deck","AQ200","CER 1",400.0,800.0,2200.0,0.32,,,"PERM",0.15,200.0,229.99999999999997,,327596.0,392505.0,502360.0,,,,,,,,,,,,,,,,,,,,,,,,,,,,,,
,,"J","EJJB","A-87JC026",,,"EI013",87.0,,"Valve monitoring Cabinet(for additional sensors mounted on the valves)","Cellar deck","AQ200","CER 1",400.0,800.0,2200.0,0.32,,,"PERM",0.15,200.0,229.99999999999997,,325992.0,392505.0,502360.0,,,,,,,,,,,,,,,,,,,,,,,,,,,,,,
,,"J","EJJB","A-87JC027",,,"EI013",87.0,,"Valve leakage cabinet","Cellar deck","AQ200","CER 1",400.0,800.0,2200.0,0.32,,,"PERM",0.15,200.0,229.99999999999997,,325190.0,392505.0,502360.0,,,,,,,,,,,,,,,,,,,,,,,,,,,"May be moved onshore",,,
,,"J","EJJB","A-87JC028",,,"EI007",87.0,,"Electrical actuator supplier monitoring cabinet","Cellar deck","AQ200","CER 1",400.0,800.0,2200.0,0.32,,,"PERM",0.15,200.0,229.99999999999997,,325190.0,392100.0,502360.0,,,,,,,,,,,,,,,,,,,,,,,,,,,"May be moved onshore",,,
,,"J","EJJB","A-87JC029",,,"EI007",87.0,,"Electrical actuator supplier monitoring cabinet","Cellar deck","AQ200","CER 1",400.0,800.0,2200.0,0.32,,,"PERM",0.15,200.0,229.99999999999997,,325992.0,392100.0,502360.0,,,,,,,,,,,,,,,,,,,,,,,,,,,,,,
,,"J","EJJB","A-87JC030",,,"EI002",87.0,,"Multiphase processing cabinet UWP Krafla","Cellar deck","AQ200","CER 1",400.0,800.0,2200.0,0.32,,,"PERM",0.15,200.0,229.99999999999997,,326794.0,392100.0,502360.0,,,,,,,,,,,,,,,,,,,,,,,,,,,,,,
,,"J","EJJB","A-87JC031",,,"EI002",87.0,,"Multiphase processing cabinet UWP Askja","Cellar deck","AQ200","CER 1",400.0,800.0,2200.0,0.32,,,"PERM",0.15,200.0,229.99999999999997,,327596.0,392100.0,502360.0,,,,,,,,,,,,,,,,,,,,,,,,,,,,,,
,,"J","EJJB","A-87JC032",,,"EI002",87.0,,"Multiphase processing cabinet UPP","Cellar deck","AQ200","CER 1",400.0,800.0,2200.0,0.32,,,"PERM",0.15,200.0,229.99999999999997,,327596.0,392100.0,502360.0,,,,,,,,,,,,,,,,,,,,,,,,,,,,,,
,,"J","EJJB","A-87JC033",,,"EI002",87.0,,"Metering cabinet UPP GAS","Cellar deck","AQ200","CER 1",400.0,800.0,2200.0,0.32,,,"PERM",0.15,200.0,229.99999999999997,,329200.0,392100.0,502360.0,,,,,,,,,,,,,,,,,,,,,,,,,,,,,,
,,"J","EJJB","A-87JC034",,,"ER001",87.0,,"Compressor Control Cabinet skid 1","Cellar deck","AQ200","CER 1",400.0,800.0,2200.0,0.32,,,"PERM",0.15,200.0,229.99999999999997,,330002.0,392100.0,502360.0,,,,,,,,,,,,,,,,,,,,,,,,,,,,,,
,,"J",,"A-87JC035",,,"BN001",87.0,,"Bridge bearing monitoring field panel","Cellar deck","AQ200","CER 2",400.0,800.0,2200.0,0.32,,,"FUT",0.15,200.0,229.99999999999997,,330804.0,392100.0,502360.0,,,,,,,,,,,,,,,,,,,,,,,,,,,"location to be confirmed",,,
,,"J","EJJB","A-87JC036",,,"EI003",87.0,,"Analyser control cabinet for process and environment","Cellar deck","AQ200","CER 2",400.0,800.0,2200.0,0.32,,,"PERM",0.15,200.0,229.99999999999997,,338200.0,374740.0,502360.0,,,,,,,,,,,,,,,,,,,,,,,,,,,,,,
,,"J",,"A-87JC037",,,"BN001",87.0,,"Bridge bearing monitoring cabinet","Cellar deck","AQ200","CER 2",400.0,800.0,2200.0,0.32,,,"FUT",0.15,200.0,229.99999999999997,,340600.0,374740.0,502360.0,,,,,,,,,,,,,,,,,,,,,,,,,,,,,,
,,"J","EJJB","A-87JC038",,,"EI004",87.0,,"Nucleonic level measurement cabinet","Cellar deck","AQ200","CER 2",400.0,800.0,2200.0,0.32,,,"PERM",0.15,200.0,229.99999999999997,,341402.0,374740.0,502360.0,,,,,,,,,,,,,,,,,,,,,,,,,,,,,,
,,"J","EJJB","A-87JC039",,,"EI006",87.0,,"Sand monitoring Cabinet","Cellar deck","AQ200","CER 2",400.0,800.0,2200.0,0.32,,,"PERM",0.15,200.0,229.99999999999997,,342204.0,374740.0,502360.0,,,,,,,,,,,,,,,,,,,,,,,,,,,,,,
,,"A",,"A-87JC040",,,"-",87.0,,"Manual valve Interlock key cabinet","Cellar deck","AQ200","CER 2",400.0,800.0,2200.0,0.32,,,"PERM",0.15,200.0,229.99999999999997,,0.0,0.0,0.0,,,,,,,,,,,,,,,,,,,,,,,,,,,"Not requiered to be smart cabinet. Only key hangers. 100% manual",,,
,,"J","EJJB","A-87JC040",,,"EI006",87.0,,"UID - Power Control cabinet","Cellar deck","AQ200","CER 2",400.0,800.0,2200.0,0.32,,,"PERM",0.15,200.0,229.99999999999997,,342204.0,374740.0,502360.0,,,,,,,,,,,,,,,,,,,,,,,,,,,,,,
,,"J","EJJB","A-87JC043",,,"EI103",87.0,,"Vibration control cabinet - Protection and CM","Cellar deck","AQ200","CER 2",800.0,800.0,2200.0,0.64,,,"PERM",0.15,200.0,229.99999999999997,,343808.0,374740.0,502360.0,,,,,,,,,,,,,,,,,,,,,,,,,,,,,,
,,"J","EJJB","A-87JC044",,,"ER001",87.0,,"Compressor Control Cabinet skid 2","Cellar deck","AQ200","CER 1",400.0,800.0,2200.0,0.32,,,"PERM",0.15,200.0,229.99999999999997,,330002.0,392100.0,502360.0,,,,,,,,,,,,,,,,,,,,,,,,,,,,,,
"DIFF",,"J","EJJB","A-87JC048",,,"EI015",87.0,,"Robot panel for local pad and spare battery","Cellar deck","AQ200","CER 2",400.0,800.0,2200.0,0.32,,,"PERM",0.15,200.0,229.99999999999997,,343806.0,371770.0,502360.0,,,,,,,,,,,,,,,,,,,,,,,,,,,,,,
"DIFF",,"J","EJJB","A-87JC050",,,"EI015",87.0,,"Drone control cabinet","Cellar deck","AQ200","CER 2",400.0,800.0,2200.0,0.32,,,"PERM",0.15,200.0,229.99999999999997,,337400.0,374740.0,502360.0,,,,,,,,,,,,,,,,,,,,,,,,,,,,,,
,,"J","EJJB","A-87JC051",,,"EI015",87.0,,"Drone control cabinet","Cellar deck","AQ200","CER 2",400.0,800.0,2200.0,0.32,,,"PERM",0.15,200.0,229.99999999999997,,338598.0,371770.0,502360.0,,,,,,,,,,,,,,,,,,,,,,,,,,,,,,
,,"J",,"A-87JC054",,,"EI102",87.0,,"Supplier CM Cabinet - Unidentifed but added for development buffer","Cellar deck","AQ200","CER 2",400.0,800.0,2200.0,0.32,,,"FUT",0.15,200.0,229.99999999999997,,343004.0,371770.0,502360.0,,,,,,,,,,,,,,,,,,,,,,,,,,,,,,
,,"J",,"A-87JC055",,,"EI102",87.0,,"Supplier CM Cabinet - Unidentifed but added for development buffer","Cellar deck","AQ200","CER 2",400.0,800.0,2200.0,0.32,,,"FUT",0.15,200.0,229.99999999999997,,337796.0,371770.0,502360.0,,,,,,,,,,,,,,,,,,,,,,,,,,,,,,
,,"J","EJJB","A-87JC063",,,"EI101",87.0,,"Subsea SAS supplier control cabinet","Cellar deck","AQ200","CER 2",400.0,800.0,2200.0,0.32,,,"PERM",0.15,200.0,229.99999999999997,,337796.0,371770.0,502360.0,,,,,,,,,,,,,,,,,,,,,,,,,,,,,,
,,"J","EJJB","A-87JC064",,,"EI101",87.0,,"Subsea SAS supplier control cabinet","Cellar deck","AQ200","CER 2",400.0,800.0,2200.0,0.32,,,"PERM",0.15,200.0,229.99999999999997,,336994.0,371770.0,502360.0,,,,,,,,,,,,,,,,,,,,,,,,,,,,,,
,,"J","EJJB","A-87JC065",,,"EI101",87.0,,"Subsea SAS supplier control cabinet","Cellar deck","AQ200","CER 2",400.0,800.0,2200.0,0.32,,,"PERM",0.15,200.0,229.99999999999997,,336192.0,371770.0,502360.0,,,,,,,,,,,,,,,,,,,,,,,,,,,,,,
,,"J","EJJB","A-87JC066",,,"EI101",87.0,,"Subsea SAS supplier control cabinet","Cellar deck","AQ200","CER 2",400.0,800.0,2200.0,0.32,,,"PERM",0.15,200.0,229.99999999999997,,335390.0,371770.0,502360.0,,,,,,,,,,,,,,,,,,,,,,,,,,,,,,
,,"J","EJJB","A-87JC067",,,"EI101",87.0,,"Subsea SAS supplier control cabinet - Future","Cellar deck","AQ200","CER 2",400.0,800.0,2200.0,0.32,,,"PERM",0.15,200.0,229.99999999999997,,0.0,0.0,0.0,,,,,,,,,,,,,,,,,,,,,,,,,,,,,,
,,"J","EJJB","A-87JC068",,,"EI101",87.0,,"Subsea SAS supplier control cabinet - Future","Cellar deck","AQ200","CER 2",400.0,800.0,2200.0,0.32,,,"PERM",0.15,200.0,229.99999999999997,,0.0,0.0,0.0,,,,,,,,,,,,,,,,,,,,,,,,,,,,,,
"DIFF",,"J","EJJF","A-87JF001",,,"EI101",87.0,,"SAS FAU/RIO Cabinet","Cellar deck","AP200","AP200",400.0,800.0,1500.0,0.32,,,"PERM",0.15,110.0,126.49999999999999,,328396.0,394930.0,502360.0,,,,,,,,,,,,,,,,,,,,,,,,,,,,,,
"DIFF",,"J","EJJF","A-87JF002",,,"EI101",87.0,,"SAS FAU/RIO Cabinet","Cellar deck","AP200","AP200",400.0,800.0,1500.0,0.32,,,"PERM",0.15,110.0,126.49999999999999,,327594.0,394930.0,502360.0,,,,,,,,,,,,,,,,,,,,,,,,,,,,,,
"DIFF",,"J","EJJF","A-87JF003",,,"EI101",87.0,,"SAS FAU/RIO Cabinet","Cellar deck","AP200","AP200",400.0,800.0,1500.0,0.32,,,"PERM",0.15,110.0,126.49999999999999,,326792.0,394930.0,502360.0,,,,,,,,,,,,,,,,,,,,,,,,,,,,,,
"DIFF",,"J","EJJF","A-87JF004",,,"EI101",87.0,,"SAS FAU/RIO Cabinet","Cellar deck","AP300","AP300",400.0,800.0,1500.0,0.32,,,"PERM",0.15,110.0,126.49999999999999,,325990.0,394930.0,502360.0,,,,,,,,,,,,,,,,,,,,,,,,,,,,,,
"DIFF",,"J","EJJF","A-87JF005",,,"EI101",87.0,,"SAS FAU/RIO Cabinet","Cellar deck","AP300","AP300",400.0,800.0,1500.0,0.32,,,"PERM",0.15,110.0,126.49999999999999,,325188.0,394930.0,502360.0,,,,,,,,,,,,,,,,,,,,,,,,,,,,,,
"DIFF",,"J","EJJF","A-87JF006",,,"EI101",87.0,,"SAS FAU/RIO Cabinet","Cellar deck","AP300","AP300",400.0,800.0,1500.0,0.32,,,"PERM",0.15,110.0,126.49999999999999,,325190.0,394525.0,502360.0,,,,,,,,,,,,,,,,,,,,,,,,,,,,,,
"DIFF",,"J","EJJF","A-87JF007",,,"EI101",87.0,,"SAS FAU/RIO Cabinet","Cellar deck","AP400","AP400",400.0,800.0,1500.0,0.32,,,"PERM",0.15,110.0,126.49999999999999,,325992.0,394525.0,502360.0,,,,,,,,,,,,,,,,,,,,,,,,,,,,,,
"DIFF",,"J","EJJF","A-87JF008",,,"EI101",87.0,,"SAS FAU/RIO Cabinet","Cellar deck","AP400","AP400",400.0,800.0,1500.0,0.32,,,"PERM",0.15,110.0,126.49999999999999,,326794.0,394525.0,502360.0,,,,,,,,,,,,,,,,,,,,,,,,,,,,,,
"DIFF",,"J","EJJF","A-87JF009",,,"EI101",87.0,,"SAS FAU/RIO Cabinet","Cellar deck","AP400","AP400",400.0,800.0,1500.0,0.32,,,"PERM",0.15,110.0,126.49999999999999,,327596.0,394525.0,502360.0,,,,,,,,,,,,,,,,,,,,,,,,,,,,,,
"DIFF",,"J","EJJF","A-87JF010",,,"EI101",87.0,,"SAS FAU/RIO Cabinet","Cellar deck","AP500","AP500",400.0,800.0,1500.0,0.32,,,"PERM",0.15,110.0,126.49999999999999,,328278.0,394325.0,502698.0,,,,,,,,,,,,,,,,,,,,,,,,,,,,,,
"DIFF",,"J","EJJF","A-87JF011",,,"EI101",87.0,,"SAS FAU/RIO Cabinet","Cellar deck","AP500","AP500",400.0,800.0,1500.0,0.32,,,"PERM",0.15,110.0,126.49999999999999,,,,,,,,,,,,,,,,,,,,,,,,,,,,,,,,,,
,,"J","EJJF","A-87JF012",,,"EI101",87.0,,"SAS Compressor skid 1st RIO","Weather deck","AP500","SKID",400.0,600.0,1500.0,0.24,,,"PERM",0.15,110.0,126.49999999999999,,,,,,,,,,,,,,,,,,,,,,,,,,,,,,,,,,
,,"J","EJJF","A-87JF013",,,"EI101",87.0,,"SAS TEG skid RIO","Mezzanine deck","AP300","SKID",400.0,600.0,1500.0,0.24,,,"PERM",0.15,110.0,126.49999999999999,,,,,,,,,,,,,,,,,,,,,,,,,,,,,,,,,,
,,"J","EJJF","A-87JF014",,,"EI101",87.0,,"SAS Liquid export pump skid RIO","Mezzanine deck","AQ300","HOLD",400.0,600.0,1500.0,0.24,,,"PERM",0.15,110.0,126.49999999999999,,,,,,,,,,,,,,,,,,,,,,,,,,,,,,,,,,
,,"J","EJJF","A-87JF015",,,"EI101",87.0,,"Electro FTC Cabinet","Mezzanine deck","AQ300","LV swb. room 1",400.0,600.0,1500.0,0.24,,,"PERM",0.15,200.0,229.99999999999997,,330900.0,389150.0,509200.0,,,,,,,,,,,,,,,,,,,,,,,,,,,,,,
,,"J","EJJF","A-87JF016",,,"EI101",87.0,,"VSD FTC Cabinets","Process deck","AQ400","HV VSD room",400.0,600.0,1500.0,0.24,,,"PERM",0.15,200.0,229.99999999999997,,331800.0,388750.0,516200.0,,,,,,,,,,,,,,,,,,,,,,,,,,,,,,
"DIFF",,"J","EJJF","A-87JF017",,,"EI101",87.0,,"SAS Compressor skid 2nd RIO","Weather deck","AP500","SKID",400.0,600.0,1500.0,0.24,,,"PERM",0.15,110.0,126.49999999999999,,,,,,,,,,,,,,,,,,,,,,,,,,,,,,,,,,
"NEW",,"J","EJJF","A-87JF018",,,"EI101",87.0,,"SAS FTC special I/O Cabinet","Cellar deck","AQ200","AQ200",400.0,800.0,2200.0,0.32,,,"PERM",0.15,110.0,126.49999999999999,,,,,,,,,,,,,,,,,,,,,,,,,,,,,,,,,,
,,"J",,"A-87JO001",,,"EI101",87.0,,"Engineering Work Station on desk","Cellar deck","AQ200","CER 1",1000.0,1000.0,1000.0,1.0,,,"TEMP",0.15,200.0,229.99999999999997,,,,,,,,,,,,,,,,,,,,,,,,,,,,,,,,,,
,,"J",,"A-87JO002",,,"EI101",87.0,,"Temporary Operator Station on desk","Cellar deck","AQ200","CER 1",1000.0,1000.0,1000.0,1.0,,,"TEMP",0.15,200.0,229.99999999999997,,,,,,,,,,,,,,,,,,,,,,,,,,,,,,,,,,
,,"J",,"A-87JQ010",,,"EI101",87.0,,"SAS Server Cabinet","Cellar deck","AQ200","CER 1",1000.0,800.0,2200.0,0.8,,,"PERM",0.15,200.0,229.99999999999997,,325092.0,401180.0,502360.0,,,,,,,,,,,,,,,,,,,,,,,,,,,"Server function requiered on the UPP and not shore(e.g. historian buffer) and a voyage recorder",,,
,,"J",,"A-87JQ011",,,"EI101",87.0,,"SAS Network Distribution Cabinet","Cellar deck","AQ200","CER 1",1000.0,800.0,2200.0,0.8,,,"PERM",0.15,200.0,229.99999999999997,,326594.0,401580.0,501210.0,,,,,,,,,,,,,,,,,,,,,,,,,,,,,,
,,"J",,"A-87JQ012",,,"EI101",87.0,,"SAS Network Distribution Cabinet","Cellar deck","AQ200","CER 1",1000.0,800.0,2200.0,0.8,,,"PERM",0.15,200.0,229.99999999999997,,327096.0,401180.0,502360.0,,,,,,,,,,,,,,,,,,,,,,,,,,,,,,
,,"J","ETRQ","A-87JQ013",,,"EI101",87.0,,"SIS Network Distribution Cabinet","Cellar deck","AQ200","CER 1",1000.0,800.0,2200.0,0.8,,,"PERM",0.15,200.0,229.99999999999997,,328598.0,401580.0,501210.0,,,,,,,,,,,,,,,,,,,,,,,,,,,,,,
,,"J","ETRQ","A-87JQ014",,,"EI101",87.0,,"SIS Network Distribution Cabinet","Cellar deck","AQ200","CER 1",1000.0,800.0,2200.0,0.8,,,"PERM",0.15,200.0,229.99999999999997,,329100.0,401180.0,502360.0,,,,,,,,,,,,,,,,,,,,,,,,,,,,,,
,,"J","ETRQ","A-87JQ015",,,"EI101",87.0,,"Field Network Distribution Cabinet","Cellar deck","AQ200","CER 1",1000.0,800.0,2200.0,0.8,,,"PERM",0.15,200.0,229.99999999999997,,326094.0,399575.0,502360.0,,,,,,,,,,,,,,,,,,,,,,,,,,,,,,
,,"J","ETRQ","A-87JQ016",,,"EI101",87.0,,"Field Network Distribution Cabinet","Cellar deck","AQ200","CER 1",1000.0,800.0,2200.0,0.8,,,"PERM",0.15,200.0,229.99999999999997,,327096.0,399575.0,502360.0,,,,,,,,,,,,,,,,,,,,,,,,,,,,,,
,,"J","ETRQ","A-87JQ017",,,"EI101",87.0,,"3rd pary Network Distribution Cabinet","Cellar deck","AQ200","CER 1",1000.0,800.0,2200.0,0.8,,,"PERM",0.15,200.0,229.99999999999997,,328098.0,399575.0,502360.0,,,,,,,,,,,,,,,,,,,,,,,,,,,,,,
,,"J","ETRQ","A-87JQ018",,,"EI101",87.0,,"3rd pary Network Distribution Cabinet","Cellar deck","AQ200","CER 1",1000.0,800.0,2200.0,0.8,,,"PERM",0.15,200.0,229.99999999999997,,329100.0,399575.0,502360.0,,,,,,,,,,,,,,,,,,,,,,,,,,,,,,
,,"J","ETRQ","A-87JQ019",,,"EI101",87.0,,"Network Monitoring system (Solarwind)","Cellar deck","AQ200","CER 1",1000.0,800.0,2200.0,0.8,,,"PERM",0.15,200.0,229.99999999999997,,325092.0,399575.0,502360.0,,,,,,,,,,,,,,,,,,,,,,,,,,,,,,
"DIFF",,"J",,"A-87JQ020",,,"EI101",87.0,,"Service network cabinet","Cellar deck","AQ200","CER 2",1000.0,800.0,2200.0,0.8,,,"PERM",0.15,200.0,229.99999999999997,,332000.0,374740.0,502360.0,,,,,,,,,,,,,,,,,,,,,,,,,,,,,,
"DIFF",,"J",,"A-87JQ021",,,"EI101",87.0,,"Service network cabinet","Cellar deck","AQ200","CER 2",1000.0,800.0,2200.0,0.8,,,"PERM",0.15,200.0,229.99999999999997,,332802.0,374740.0,502360.0,,,,,,,,,,,,,,,,,,,,,,,,,,,,,,
,,"J","EJJX","A-87JX010",,,"EI004",87.0,,"Nucleonic field panel","Mezzanine deck","AP300",,600.0,400.0,600.0,0.24,,,"PERM",0.15,200.0,229.99999999999997,,0.0,0.0,0.0,,,,,,,,,,,,,,,,,,,,,,,,,,,,,,
,,"J","EJJX","A-87JX011",,,"EI004",87.0,,"Nucleonic field panel","Mezzanine deck","AP300",,600.0,400.0,600.0,0.24,,,"PERM",0.15,200.0,229.99999999999997,,0.0,0.0,0.0,,,,,,,,,,,,,,,,,,,,,,,,,,,,,,
,,"J","EJJX","A-87JX012",,,"ER019",87.0,,"Flare ignition panel","Process deck","AP400",,600.0,400.0,600.0,0.24,,,"PERM",0.15,200.0,229.99999999999997,,0.0,0.0,0.0,,,,,,,,,,,,,,,,,,,,,,,,,,,,,,
,,"J","EJJX","A-87JX013",,,"ER019",87.0,,"Flare ignition panel","Process deck","AP400",,600.0,400.0,600.0,0.24,,,"PERM",0.15,200.0,229.99999999999997,,0.0,0.0,0.0,,,,,,,,,,,,,,,,,,,,,,,,,,,,,,
,,"J","EJJX","A-87JX014",,,"EI003",87.0,,"Analyser panel","Mezzanine deck","AP300",,600.0,400.0,600.0,0.24,,,"FUT",0.15,200.0,229.99999999999997,,0.0,0.0,0.0,,,,,,,,,,,,,,,,,,,,,,,,,,,,,,
,,"J","EJJX","A-87JX015",,,"EI003",87.0,,"Analyser panel","Process deck","AP400",,600.0,400.0,600.0,0.24,,,"FUT",0.15,200.0,229.99999999999997,,0.0,0.0,0.0,,,,,,,,,,,,,,,,,,,,,,,,,,,,,,
,,"J","EJJX","A-87JX016",,,"EI012",87.0,,"Analyser panel","Mezzanine deck","AP300",,600.0,400.0,600.0,0.24,,,"FUT",0.15,200.0,229.99999999999997,,0.0,0.0,0.0,,,,,,,,,,,,,,,,,,,,,,,,,,,,,,
,,"J","EJJX","A-87JX017",,,"EI012",87.0,,"Analyser Manual sample station","Process deck","AP400",,600.0,400.0,600.0,0.24,,,"FUT",0.15,200.0,229.99999999999997,,0.0,0.0,0.0,,,,,,,,,,,,,,,,,,,,,,,,,,,,,,
,,"J",,"A-87JX018",,,"EI003",87.0,,"Analyser Manual sample station","Mezzanine deck","AP300",,600.0,400.0,600.0,0.24,,,"FUT",0.15,,0.0,,0.0,0.0,0.0,,,,,,,,,,,,,,,,,,,,,,,,,,,,,,
,,"U",,"A-87UO001",,,"-",87.0,,"Krafla EPU01 Cabinet","Cellar deck","AQ200","HOLD",1000.0,800.0,2200.0,0.8,,,"PERM",0.15,500.0,575.0,,,,,,,,,,,,,,,,,,,,,,,,,,,,,,,"Subsea power interface may go directly from hang-off to electrical cabinet",,,
,,"U",,"A-87UO002",,,"-",87.0,,"Krafla EPU02 Cabinet","Cellar deck","AQ200","HOLD",1000.0,800.0,2200.0,0.8,,,"PERM",0.15,500.0,575.0,,,,,,,,,,,,,,,,,,,,,,,,,,,,,,,"Subsea power interface may go directly from hang-off to electrical cabinet",,,
"DIFF",,"J","ERXX","A-87XX001",,,"EI015",87.0,,"Robot dock-in station","Cellar deck","AQ200","Outdoor",1000.0,800.0,200.0,0.8,,,"PERM",0.15,200.0,229.99999999999997,,348800.0,380638.0,501000.0,,,,,,,,,,,,,,,,,,,,,,,,,,,,,,
"DIFF",,"J","ERXX","A-87XX002",,,"EI015",87.0,,"Robot dock-in station","Mezzanine deck","AQ300","Outdoor",1000.0,800.0,200.0,0.8,,,"PERM",0.15,200.0,229.99999999999997,,348800.0,380638.0,508000.0,,,,,,,,,,,,,,,,,,,,,,,,,,,,,,
"DIFF",,"J","ERXX","A-87XX003",,,"EI015",87.0,,"Robot dock-in station","Process deck","AQ400","Outdoor",1000.0,800.0,200.0,0.8,,,"PERM",0.15,200.0,229.99999999999997,,348800.0,380638.0,515000.0,,,,,,,,,,,,,,,,,,,,,,,,,,,,,,
"DIFF",,"J","ERXX","A-87XX004",,,"EI015",87.0,,"Robot dock-in station","Weather deck","AP500","AP500 R",1000.0,800.0,200.0,0.8,,,"PERM",0.15,200.0,229.99999999999997,,348800.0,380638.0,522000.0,,,,,,,,,,,,,,,,,,,,,,,,,,,,,,
"DIFF",,"J","ERXX","A-87XX007",,,"EI015",87.0,,"Drone dock-in station","Cellar deck","AQ200","Outdoor",1000.0,1000.0,1000.0,1.0,,,"PERM",0.15,200.0,229.99999999999997,,0.0,0.0,0.0,,,,,,,,,,,,,,,,,,,,,,,,,,,"May be moved onshore",,,
"DIFF",,"J","ERXX","A-87XX008",,,"EI015",87.0,,"Drone dock-in station","Cellar deck","AQ200","Outdoor",1000.0,1000.0,1000.0,1.0,,,"PERM",0.15,200.0,229.99999999999997,,0.0,0.0,0.0,,,,,,,,,,,,,,,,,,,,,,,,,,,"May be moved onshore",,,
,,,,,,,,,,,,,,,,,,,,,,,,,,,,,,,,,,,,,,,,,,,,,,,,,,,,,,1218.162162162162,,,
