"Tag_Status","Building_block","Discipline","Cost_Code_COR","Tag_Number","Top_Tag","Skid_Ref","PO_Package_Number","System_Number","Equinor_Equipment_Category_1_4","Equipment_TypeDescription","Area","Sub_Area","Function_Area","L_or_TT_mm","W_or_ID_mm","H_or_TT_mm","Footprint_m2","Modification_Phase_Code","Modification_Construction_Code","Modification_Handling_Code","Allowance_prct","Net_Dry_Weight_kg","Gross_Dry_Weight_kg","Content_Weight_kg","Dry_CoGEast_mm","Dry_CoGNorth_mm","Dry_CoGElevation_mm","Price_Source","CostProj_currency","Cost_Date","Exch_rate","NOK","Pressure_1Barg","Pressure_2Barg","Temp_1degC","Temp_2degC","Flow_rate_1m3_or_hr","Flow_rate_2m3_or_hr","Capacity_m3","Heat_transfer_medium_type","SpeedRPM","Heat_Exchanged_per_Unit_kW","Shaft_Power_kW","Rated_Power_kW","Heat_Transfer_Surface_Aream2","Material_1","Material_2","Reference_or_Source","Referencedoc_dwg_PID_etc","RiskWeight_accuracy","RiskFootprint_accuracy","RiskDesign_basis","Risk_comments","Remarks","Iso_159264_Physical_RDL_","Iso_159264_Physical_Description_","Iso_159264_Activity_RDL_","Iso_159264_Activity_Description_","Posccesar_RDL_"
,,"J","ERCT","A-18CT001",,,"EI001","18",,"Hydraulic Power Unit (LP and HP)","Cellar deck","AP200","AP200","5300","2400","3000","12.72",,,"PERM","0.15","10000","11500","4000","320199","396399","514025",,,,,,,,,,,,,,,,,,,,,,,,,,,"Based on Cre8 GA ,Size and number of connections to be revised due to new field configurairion ",,,,,
,,"J","EJJF","A-18JC001",,,"CPI","18",,"DAS/DTS system cabinet","Cellar deck","AQ200","AQ200","1000","800","2000","0.8",,,"PERM","0.15","300","345",,"326290","383938","502360",,,,,,,,,,,,,,,,,,,,,,,,,,,,,,,,
,,"J",,"A-18JF001",,,"CPI","18",,"DAS/DTS Fibre splice cabinet","Cellar deck","AP200","AP200","1000","800","2000","0.8",,,"PERM","0.15","300","345",,,,,,,,,,,,,,,,,,,,,,,,,,,,,,,,,,,,
"NEW",,"J","EJJF","A-18JF002",,,"CPI","18",,"Down hole monitoring cabinet","Cellar deck","AQ200","AQ200","1000","800","2000","0.8",,,"PERM","0.15","300","345",,"326290","383938","502360",,,,,,,,,,,,,,,,,,,,,,,,,,,,,,,,
,,"R",,"A-18LE001",,,,"18",,"Temporary Pig Receiver - Krafla LP/Central (14"")","Mezzanine deck","AP300","AP300 CANTILEVER","6200","400","400","2.48",,,"TEMP","0.15","6770","7785.5",,"297399","369000","508090",,,,,,,,,,,,,,,,,,,,,,,,,,,,,,,,
,,"R",,"A-18LE002",,,,"18",,"Temporary Pig Receiver - Krafla HP (8"")","Mezzanine deck","AP300","AP300 CANTILEVER","5600","400","400","2.24",,,"TEMP","0.15","6770","7785.5",,"297399","369000","508090",,,,,,,,,,,,,,,,,,,,,,,,,,,,,,,,
,,"J",,"A-18UX001",,,"EI014","18",,"TUTU/HTP Service Umbilical from PDQ","Cellar deck","AP200","AP200","3400","1200","2400","4.08",,,"PERM","0.15","1200","1380",,"317143","378400","500000",,,,,,,,,,,,,,,,,,,,,,,,,,,"Contains only interface to subsea umbilicals for liquid only",,,,,
,,"J",,"A-18UX002",,,"EI014","18",,"TUTU/HTP Service Umbilical to Central and Krafla","Cellar deck","AP200","AP200","1600","800","2000","1.28",,,"PERM","0.15","700","805",,"314618","379775","500000",,,,,,,,,,,,,,,,,,,,,,,,,,,"Contains only interface to subsea umbilicals for liquid only",,,,,
"DIFF",,"E",,"A-18BY001",,,,"18",,"Optical Junction Box Central","Cellar deck","AP200","AP200","1000","800","400","0.8",,,"PERM","0.15","300","345",,,,,,,,,,,,,,,,,,,,,,,,,,,,,,,"Interface Patch boxes for subsea cables",,,,,
"DIFF",,"E",,"A-18BY002",,,,"18",,"Optical Junction Box for UID","Cellar deck","AP200","AP200","1000","800","400","0.8",,,"PERM","0.15","300","345",,,,,,,,,,,,,,,,,,,,,,,,,,,,,,,"Interface Patch boxes for subsea cables. To be used for UID ",,,,,
,,"E","EEEC","A-19EC001",,,"-","19",,"DEH Control Cabinet Central and Krafla LP Pipeline","Mezzanine deck","AQ300","HV equipment room","600","600","2000","0.36",,,"PERM","0.15","500","575",,"323503","379800","509200",,,,,,,,,,,,,,,,," ",,,,,,,,,,"for the HP pipeline , to be decided on c study   phase ",,,,,
"NEW",,"E","EEEC","A-19EC002",,,"-","19",,"DCFO Remote Control Cabinet","Mezzanine deck","AQ300","HV equipment room","1000","800","2200","0.8",,,"PERM","0.15","300","575",,"326529","379970","509400",,,,,,,,,,,,,,,,," ",,,,,,,,,,"for the HP pipeline , to be decided on c study   phase ",,,,,
"NEW",,"E","EEEC","A-19EC003",,,"-","19",,"UID Power Control Cabinet","Cellar deck","AQ200","CER 2","1000","800","2200","0.8",,,"PERM","0.15","400","575",,"327292","383938","502360",,,,,,,,,,,,,,,,," ",,,,,,,,,,"for the HP pipeline , to be decided on c study   phase ",,,,,
"NEW",,"E","EEER","A-19ER001",,,"-","19",,"DCFO Power Unit A","Mezzanine deck","AQ300","HV equipment room","1000","800","2200","0.8",,,"PERM","0.15","450","517.5",,"323523","379970","509400",,,,,,,,,,,,,,,,,,,,,,,,,,,,,,,,
"DIFF",,"E","EEER","A-19ER002",,,"-","19",,"DCFO Power Unit B","Mezzanine deck","AQ300","HV equipment room","1000","800","2200","0.8",,,"PERM","0.15","450","517.5",,"324525","379970","509200",,,,,,,,,,,,,,,,,"500",,,,,,,,,,,,,,,
,,"E","EEET","A-19ET001",,,"-","19",,"DEH Transformer Central and Krafla LP Pipeline","Mezzanine deck","AQ300","MV Transformer room","3000","1700","3000","5.1",,,"PERM","0.15","8500","9000",,"341447","399732","508535",,,,,,,,,,,,,,,,,"5000",,,,,,,,,,"for the HP pipeline , to be decided on c study   phase ",,,,,
"NEW",,"E","EEEX","A-19EX001",,,"-","19",,"Cable Routing Cabinet","Mezzanine deck","AQ300","HV equipment room","1000","800","2200","0.8",,,"PERM","0.15","300","575",,"326529","379970","509400",,,,,,,,,,,,,,,,," ",,,,,,,,,,"for the HP pipeline , to be decided on c study   phase ",,,,,
,,"E","EEEY","A-19EY001",,,"-","19",,"DEH Inductor L1 Unit Central and Krafla LP Pipeline","Mezzanine deck","AQ300","HV equipment room","3600","1300","2700","4.68",,,"PERM","0.15","7200","8280",,"335352","372265","508350",,,,,,,,,,,,,,,,,,,,,,,,,,,"for the HP pipeline , to be decided on c study   phase ",,,,,
,,"E","EEEY","A-19EY002",,,"-","19",,"DEH Capacitance C1 Unit Central and Krafla LP Pipeline","Mezzanine deck","AQ300","HV equipment room","3600","1300","2400","4.68",,,"PERM","0.15","2200","2530",,"327353","372262","508200",,,,,,,,,,,,,,,,,,,,,,,,,,,"for the HP pipeline , to be decided on c study   phase ",,,,,
,,"E","EEEY","A-19EY003",,,"-","19",,"DEH Capacitance C2 Unit Central and Krafla LP Pipeline","Mezzanine deck","AQ300","HV equipment room","3600","1300","2400","4.68",,,"PERM","0.15","3800","4370",,"340352","372265","508200",,,,,,,,,,,,,,,,," ",,,,,,,,,,"for the HP pipeline , to be decided on c study   phase ",,,,,
"NEW",,"J","EJJB","A-19JQ001",,,"CPI","19",,"Subsea contractor network cabinet SDPU","Cellar deck","AQ200","CER 2","1000","800","2200","0.8",,,"PERM","0.15","200","230",,"332000","374740","502360",,,,,,,,,,,,,,,,,,,,,,,,,,,,,,,,
"NEW",,"J","EJJB","A-19JQ002",,,"CPI","19",,"Subsea contractor network cabinet SGRU A","Cellar deck","AQ200","CER 2","800","800","2200","0.64",,,"PERM","0.15","200","230",,"332802","374740","502360",,,,,,,,,,,,,,,,,,,,,,,,,,,,,,,,
"NEW",,"J","EJJB","A-19JQ003",,,"CPI","19",,"Subsea contractor network cabinet SGRU B","Cellar deck","AQ200","CER 2","800","800","2200","0.64",,,"PERM","0.15","200","230",,"333604","374740","502360",,,,,,,,,,,,,,,,,,,,,,,,,,,,,,,,
"NEW",,"J","EJJB","A-19JQ004",,,"CPI","19",,"Subsea contractor server cabinet SGSU","Cellar deck","AQ200","CER 2","800","800","2200","0.64",,,"PERM","0.15","200","230",,"336010","374740","502360",,,,,,,,,,,,,,,,,,,,,,,,,,,,,,,,
,,"R","ERPA","A-20PA001A","NO","A-20PZ001A","ER007","20",,"Liquid Export Pump A","Cellar deck","AP200","SKID","0","0","0","0",,,"PERM",,,,,"304000","399000","501370",,,,,,,,,,"595",,,,,,,,,"22Cr Duplex",,,,,,,,,"http://standards.tc184-sc4.org/iso/15926/tech/reference-data#RDL7379","A centrifugal pump where the impeller or impellers are mounted on a shaft between bearings.","http://standards.tc184-sc4.org/iso/15926/tech/reference-data#RDL1420","Creating a pressure difference in a fluid stream in order to create its movement","http://data.posccaesar.org/rdl/RDS416834"
,,"E","ERPA","A-20PA001A-M01","NO","A-20PZ001A","ER007","20",,"Liquid Export Pump A Motor","Cellar deck","AP200","SKID","0","0","0","0",,,"PERM",,,,,"0","0","0",,,,,,,,,,,,,,,,,"1065",,,,,,,,,,,"http://standards.tc184-sc4.org/iso/15926/tech/reference-data#RDL2963","An electric motor in which the torque or force is due to the interaction between a moving magnetic field produced by stationary primary windings and currents induced by this field in moving secondary conductors.",,,"http://data.posccaesar.org/rdl/RDS472994"
,,"R","ERPA","A-20PA001B","NO","A-20PZ001B","ER007","20",,"Liquid Export Pump B ","Cellar deck","AP200","SKID","0","0","0","0",,,"PERM",,,,,"304000","393000","501370",,,,,,,,,,"595",,,,,,,,,"22Cr Duplex",,,,,,,,,"http://standards.tc184-sc4.org/iso/15926/tech/reference-data#RDL7379","A centrifugal pump where the impeller or impellers are mounted on a shaft between bearings.","http://standards.tc184-sc4.org/iso/15926/tech/reference-data#RDL1420","Creating a pressure difference in a fluid stream in order to create its movement","http://data.posccaesar.org/rdl/RDS416834"
,,"E","ERPA","A-20PA001B-M01","NO","A-20PZ001B","ER007","20",,"Liquid Export Pump B Motor","Cellar deck","AP200","SKID","0","0","0","0",,,"PERM",,,,,"0","0","0",,,,,,,,,,,,,,,,,"1065",,,,,,,,,,,"http://standards.tc184-sc4.org/iso/15926/tech/reference-data#RDL2963","An electric motor in which the torque or force is due to the interaction between a moving magnetic field produced by stationary primary windings and currents induced by this field in moving secondary conductors.",,,"http://data.posccaesar.org/rdl/RDS472994"
,,"R","ERPZ","A-20PZ001A","YES",,"ER007","20",,"Liquid Export Pump A Skid","Cellar deck","AP200","AP200","8500","2400","2400","20.4",,,"PERM","0.15","26500","30475",,"304000","399000","501370",,,,,,,,,,,,,,,,,,,"25Cr Duplex ",,,,,,,"Gas carry under percentage to be finalized in process design Noise enclosure details to be finlized ","Sulzer including lube oil system.  including estimate for noise enclosure(5000kg) ","http://standards.tc184-sc4.org/iso/15926/tech/reference-data#RDL8141","A support with a fabricated structure intended to support items when being manufactured, transported, handled or installed.",,,"http://data.posccaesar.org/rdl/RDS14196773"
,,"R","ERPZ","A-20PZ001B","YES",,"ER007","20",,"Liquid Export Pump B Skid","Cellar deck","AP200","AP200","8500","2400","2400","20.4",,,"PERM","0.15","26500","30475",,"304000","393000","501370",,,,,,,,,,,,,,,,,,,"25Cr Duplex ",,,,,,,"Gas carry under percentage to be finalized in process design Noise enclosure details to be finlized ","Sulzer including lube oil system.  including estimate for noise enclosure(5000kg) ","http://standards.tc184-sc4.org/iso/15926/tech/reference-data#RDL8141","A support with a fabricated structure intended to support items when being manufactured, transported, handled or installed.",,,"http://data.posccaesar.org/rdl/RDS14196773"
,,"R","ERVA","A-20VA001",,,"ER002","20",,"Inlet Separator","Mezzanine deck","AP300","AP300,AP400","0","3500","6600","12.25",,,"PERM","0.15","106600","122590","80000","301200","387000","510447.5",,,,,,"100","FV","-46","125",,,"80",,,,,,,"P500QL2 + Alloy 625 w.o.","internals 22Cr Duplex",,,,,,"Design pressure increased Slug volume uncertainty (flow assurance) Gas carry under uncertainty ","SLB proposal (rev 3) , vertical 2 phase separator with hemispherical heads . (weight of internals:9000kg)","http://standards.tc184-sc4.org/iso/15926/tech/reference-data#RDL8595","A separator intended to separate liquid from a vapour","http://standards.tc184-sc4.org/iso/15926/tech/reference-data#RDL803","Physical separation to generate vapour and liquid from a mixture by lowering the pressure (flashing) and separation of the vapor from the liquid using gravity","http://data.posccaesar.org/rdl/RDS2194378711"
,,"R","ERCB","A-24CB001A","NO","A-24XX001","ER010","24",,"TEG Particle Filter","Process deck","AP400","SKID TEG",,,,,,,"PERM",,,,"150","0","0","0",,,,,,,,,,,,,,,,,,,"22Cr Duplex",,,,,,,,"Vessel with 5 microns filter elements",,,,,
,,"R","ERCB","A-24CB001B","NO","A-24XX001","ER010","24",,"TEG Particle Filter","Process deck","AP400","SKID TEG",,,,,,,"PERM","0.15","0","0","150",,,,,,,,,,,,,,,,,,,,,,"22Cr Duplex",,,,,,,,"added based on Fucntional requirements documet ",,,,,
,,"R","ERCB","A-24CB002","NO","A-24XX001","ER010","24",,"Activated Carbon Filter","Process deck","AP400","SKID TEG",,,,,,,"PERM",,,,"10","0","0","0",,,,,,,,,,,,,,,,,,,"22Cr Duplex",,,,,,,,,,,,,
"DIFF",,"R","ERCJ","A-24CJ001",,,"ER006","24",,"G2P Mixer 1 ","Process deck","AP400","AP400","1400","700","700","0.98",,,"PERM","0.15","595","684.25",,"314126","383249","516563",,,,,,,,,,,,,,,,,,,"22Cr Duplex",,,,,,,"Single source due to Equinor Qualification ","Weight / size  based on Prosep  propsal for Askja UPP",,,,,
"DIFF",,"R","ERCJ","A-24CJ002",,,"ER006","24",,"G2P Mixer 2","Process deck","AP400","AP400","1400","700","700","0.98",,,"PERM","0.15","595","684.25",,"314263","384362","516563",,,,,,,,,,,,,,,,,,,"22Cr Duplex",,,,,,,"Single source due to Equinor Qualification ","Weight / size  based on Prosep  propsal for Askja UPP",,,,,
,,"R","ERCQ","A-24CQ001","NO","A-24XX001","ER010","24",,"1st Stage Flash Gas Ejector","Process deck","AP400","SKID TEG",,,,,,,"PERM",,,,"0","0","0","0",,,,,,,,,,,,,,,,,,,"22Cr Duplex",,,,,,,,"Ejector",,,,,
,,"R","ERCQ","A-24CQ002","NO","A-24XX001","ER010","24",,"2nd Stage Flash Gas Ejector","Process deck","AP400","SKID TEG",,,,,,,"PERM",,,,"0","0","0","0",,,,,,,,,,,,,,,,,,,"22Cr Duplex",,,,,,,,"Ejector",,,,,
,,"R","ERCQ","A-24CQ003","NO","A-24XX001","ER010","24",,"3rd Stage Flash Gas Ejector","Process deck","AP400","SKID TEG",,,,,,,"PERM","0","0","0","0",,,,,,,,,,,,,,,,,,,,,,"22Cr Duplex",,,,,,,,"Ejector",,,,,
,,"E","EEER","A-24ER001A",,,"ER018","24",,"VSD G2P TEG Circulation Pump A","Mezzanine deck","AQ300","LV swb. room 1","600","800","2200","0.48",,,"PERM","0.15","300","345",,"325393","380793","509302",,,,,,,,,,,,,,,,,,,,,,,,,,,,,,,,
,,"E","EEER","A-24ER001B",,,"ER018","24",,"VSD G2P TEG Circulation Pump B","Mezzanine deck","AQ300","LV swb. room 1","600","800","2200","0.48",,,"PERM","0.15","300","345",,"325395","386621","509302",,,,,,,,,,,,,,,,,,,,,,,,,,,,,,,,
,,"E","EEER","A-24ER002A",,,"ER010","24",,"Thyristor Panel - TEG Reboiler Heater A","Mezzanine deck","AQ300","LV swb. room 2","2600","500","2100","1.3",,,"PERM","0.15","750","862.5",,"323480","399743","509301",,,,,,,,,,,,,,,,,,,,,,,,,,,"Width = depth of panel . Based on Dvalin type for 520kW heater",,,,,
,,"E","EEER","A-24ER002B",,,"ER010","24",,"Thyristor Panel - TEG Reboiler Heater B","Mezzanine deck","AQ300","LV swb. room 2","2600","500","2100","1.3",,,"PERM","0.15","750","862.5",,"324290","399743","509301",,,,,,,,,,,,,,,,,,,,,,,,,,,"Width = depth of panel . Based on Dvalin type for 520kW heater",,,,,
,,"E","ERFE","A-24FE001 A","NO","A-24XX001","ER010","24",,"TEG Reboiler Heater","Process deck","AP400","SKID TEG",,,,"0",,,"PERM",,,,"0","0","0","0",,,,,,,,,,,,,,,"465",,,,"22Cr Duplex","Incoloy",,,,,,,"Length is insertion lenght.  Duty is design duty. ",,,,,
,,"E","ERFE","A-24FE001 B","NO","A-24XX001","ER010","24",,"TEG Reboiler Heater","Process deck","AP400","SKID TEG",,,,"0",,,"PERM",,,,"0","0","0","0",,,,,,,,,,,,,,,"465",,,,"22Cr Duplex","Incoloy",,,,,,,"Length is insertion lenght.  Duty is design duty. ",,,,,
,,"E","ERFE","A-24FE002","NO","A-24XX001","ER010","24",,"TEG Surge Drum Start Up Heater","Process deck","AP400","SKID TEG",,,,"0",,,"PERM",,,,,"0","0","0",,,,,,,,,,,,,,,,,,,"22Cr Duplex","Incoloy",,,,,,,,,,,,
"DIFF",,"R","ERHA","A-24HA001",,,"ER004","24",,"Gas Treatment Inlet Cooler","Weather deck","AP500","AP500","17400","1520","2350","26.448",,,"PERM","0.15","24300","27945","12250","299579","384249","524000",,,,,,"88.54","88.36","71.4","20","6450","697",,"SW",,"19416",,,"1026.4","Titan shell & tubes","25%Cr Duplex Heads",,,,,,"risk of changing weight due to impact of design for unmanned (type of TEMA heat exchanger)","HTRI - BEM Titanium Shell & Tubes / Duplex Heads. Tube design pressure 157 bargSW In Tempt.= 11 ?CSW Out Tempt.= 35 ?C",,,,,
,,"R","ERHB","A-24HB001","NO","A-24XX001","ER010","24",,"Lean / Rich TEG Heat Exchanger 1 (Bloc)","Process deck","AP400","SKID TEG",,,,"0",,,"PERM",,,,"3260","0","0","0",,,,,,,,,,,,,,,,,,,"CS frame ","SS316 inlernally ",,,,,,,"Bloc Type Heat Exchanger",,,,,
,,"R","ERHB","A-24HB002 ","NO","A-24XX001","ER010","24",,"Lean / Rich TEG Heat Exchanger 2 (Gasketed Plate)","Process deck","AP400","SKID TEG",,,,,,,"PERM",,,,"30","0","0","0",,,,,,,,,,,,,,,,,,,"CS frame ","Titanium plates",,,,,,,"Gasketed Plate Heat Exchanger",,,,,
,,"R","ERHB","A-24HB003 ","NO","A-24XX001","ER010","24",,"Lean TEG Cooler ","Process deck","AP400","SKID TEG",,,,,,,"PERM",,,,"30","0","0","0",,,,,,,,,,,,,,,,,,,"CS frame ","Titanium plates",,,,,,,"Gasketed Plate Heat Exchanger",,,,,
,,"R","ERHB","A-24HB004","NO","A-24XX001","ER010","24",,"Overhead Condenser (Bloc type hx)","Process deck","AP400","SKID TEG",,,,,,,"PERM",,,,"50","0","0","0",,,,,,,,,,,,,,,,,,,"CS frame ","SS316 inlernally ",,,,,,,"Bloc type hx ",,,,,
,,"R","ERHI","A-24HI001","NO","A-24XX001","ER010","24",,"TEG Reboiler","Process deck","AP400","SKID TEG",,,,,,,"PERM",,,,"5700","0","0","0",,,,,,,,,,,,,,,,,,,"22Cr Duplex",,,,,,,,,,,,,
,,"R","ERHX","A-24HX001","NO","A-24XX001","ER010","24",,"TEG Reflux Condenser","Process deck","AP400","SKID TEG",,,,,,,"PERM",,,,"50","0","0","0",,,,,,,,,,,,,,,"60",,,,"22Cr Duplex",,,,,,,,"Installed on top of still column",,,,,
,,"R","ERKF","A-24KF001","NO","A-24XX001","ER010","24",,"Stripping Gas Recycle Blower","Process deck","AP400","SKID TEG",,,,,,,"PERM",,,,"10","0","0","0",,,,,,,,,,,,,,,,,,,"SS316L ",,,,,,,,,,,,,
,,"R","ERPA","A-24PA001A","YES",,"ER018","24",,"G2P TEG Circulation Pump A","Cellar deck","AP200","AP200","2000","1000","1000","2",,,"PERM","0.15","1220","1403",,"312350","389850","500110",,,,,,,,,,"5",,,,,,,,,"22Cr Duplex",,,,,,,,"PG Flow solution / Sundstrand / Magdrive sealless pump - Rated power 30 kW",,,,,
,,"E","ERPA","A-24PA001A-M01","NO","A-24PA001A","ER018","24",,"G2P TEG Circulation Pump A Motor","Cellar deck","AP200","SKID","0","0","0","0",,,"PERM",,,"0",,"0","0","0",,,,,,,,,,,,,,,,,,,,,,,,,,,,,,,,
,,"R","ERPA","A-24PA001B","YES",,"ER018","24",,"G2P TEG Circulation Pump B ","Cellar deck","AP200","AP200","2000","1000","1000","2",,,"PERM","0.15","1220","1403",,"312350","392850","500110",,,,,,,,,,"5",,,,,,,,,"22Cr Duplex",,,,,,,,"PG Flow Solution / Sundstrand / Magdrive sealless pump - Rated power 30 kW",,,,,
,,"E","ERPA","A-24PA001B-M01","NO","A-24PA001B","ER018","24",,"G2P TEG Circulation Pump B Motor","Cellar deck","AP200","SKID","0","0","0","0",,,"PERM",,,"0",,"0","0","0",,,,,,,,,,,,,,,,,,,,,,,,,,,,,,,,
,,"R","ERPB","A-24PB001A","NO","A-24XX001","ER010","24",,"TEG Circulation Pump","Process deck","AP400","SKID TEG",,,,,,,"PERM",,,,"110","0","0","0",,,,,,,,,,,,,,,,"15",,,"22Cr Duplex",,,,,,,,"Plunger pump skid with electric drive and resonator",,,,,
,,"R","ERPB","A-24PB001B","NO","A-24XX001","ER010","24",,"TEG Circulation Pump","Process deck","AP400","SKID TEG",,,,,,,"PERM",,,,"110","0","0","0",,,,,,,,,,,,,,,,"15",,,"22Cr Duplex",,,,,,,,"Plunger pump skid with electric drive and resonator",,,,,
,,"R","ERPX","A-24PX001","NO ","A-24XX001","ER010","24",,"TEG Drain Tank Pump ","Process deck","AP400","SKID TEG",,,,,,,"PERM",,,,,"0","0","0",,,,,,,,,,,,,,,,,,,"22Cr Duplex",,,,,,,,"Installed in TEG Drain Tank",,,,,
,,"R","ERTB","A-24TB001","NO","A-24XX001","ER010","24",,"TEG Drain Tank ( Indeck atmospheric)","Process deck","AP400","SKID TEG",,,,,,,"PERM",,,,,"0","0","0",,,,,,,,,,,,,,,,,,,"22Cr Duplex",,,,,,,,,,,,,
,,"R","ERVD","A-24VD001","NO","A-24XX001","ER010","24",,"TEG Flash Drum ","Process deck","AP400","SKID TEG",,,,,,,"PERM",,,,"2700","0","0","0",,,,,,,,,,,,,,,,,,,"22Cr Duplex",,,,,,,,,,,,,
,,"R","ERVE","A-24VE001","NO","A-24XX001","ER010","24",,"TEG Stripping Column","Process deck","AP400","SKID TEG",,,,,,,"PERM",,,,"50","0","0","0",,,,,,,,,,,,,,,,,,,"22Cr Duplex",,,,,,,,,,,,,
,,"R","ERVE","A-24VE002","NO","A-24XX001","ER010","24",,"TEG Still Column ","Process deck","AP400","SKID TEG",,,,,,,"PERM",,,,"20","0","0","0",,,,,,,,,,,,,,,,,,,"22Cr Duplex",,,,,,,,"Installed on flange on top of reboiler vessel ",,,,,
"DIFF",,"R","ERVG","A-24VG001",,,"ER003","24",,"G2P Scrubber 1","Mezzanine deck","AP300","AP300,AP400","-","1700","4200","2.89",,,"PERM","0.15","28700","33005",,"310150","383250","509790",,,,,,"157","FV","-46","110",,,,,,,,,,"P500QL2 + Alloy 625 w.o.","22%Cr Duplex (S31803)",,,,,,,"Based on SLB proposal ",,,,,
"DIFF",,"R","ERVG","A-24VG002",,,"ER003","24",,"G2P Scrubber 2","Mezzanine deck","AP300","AP300,AP400","-","2500","4400","6.25",,,"PERM","0.15","53300","61295",,"310150","387500","509790",,,,,,"157","FV","-46","110",,,,,,,,,,"P500QL2 + Alloy 625 w.o.","22%Cr Duplex (S31803)",,,,,,"FDR requirement  for Liquid carry over /K value  ","Based on SLB proposal ",,,,,
,,"R","ERVG","A-24VG003","NO","A-24XX001","ER010","24",,"Overhead Reciever ","Process deck","AP400","SKID TEG",,,,,,,"PERM",,,,"150","0","0","0",,,,,,,,,,,,,,,,,,,"22Cr Duplex",,,,,,,,,,,,,
,,"R","ERVL","A-24VL001","NO","A-24XX001","ER010","24",,"TEG Surge Drum ","Process deck","AP400","SKID TEG",,,,,,,"PERM",,,,"8900","0","0","0",,,,,,,,,,,,,,,,,,,"22Cr Duplex",,,,,,,,,,,,,
,,"R","ERXR","A-24XR001","NO","A-24XX001","ER010","24",,"TEG Chemical Injection ","Process deck","AP400","SKID TEG",,,,,,,"PERM",,,,"150","0","0","0",,,,,,,,,,,,,,,,,,,,,,,,,,,,,,,,
"DIFF",,"R","ERXX","A-24XX001","YES",,"ER010","24",,"TEG Regeneration Package ","Cellar deck","AP200AP300","SKID AP200,AP300","13000","5000","11000","65",,,"PERM","0.15","60000","69000","13000","286178","376775","502364",,,,,,,,,,,,,,,,,,,"22Cr Duplex",,,,,,,"weight accuracy due to difference between vendor proposals Open  process design maturity items ","Based on the Kanfa proposal for Askja UPP, Size adjusted to fit layout ",,,,,
,,"R",,"A-26LE001",,,,"26",,"Temporary Pig Launcher - Gas Lift","Mezzanine deck","AP300","AP300 CANTILEVER","8000","600","600","4.8",,,"TEMP","0.15","7250","8337.5",,"297399","369000","508090",,,,,,,,,,,,,,,,,,,,,,,,,,,,,,,,
,,"E","EEEC","A-27EC001",,,"ER001","27",,"AMB Control Cabinet 1st Stage Compressor","Process deck","AQ300","LV swb. room 1","3000","800","2200","2.4",,,"PERM","0.15","1600","1840",,"324572","402744","509265",,,,,,,,,,,,,,,,,,,,,,,,,,,,,,,,
,,"E","EEEC","A-27EC002",,,"ER001","27",,"AMB Control Cabinet 2nd Stage Compressor","Process deck","AQ300","LV swb. room 1","3000","800","2200","2.4",,,"PERM","0.15","1600","1840",,"328372","403528","509265",,,,,,,,,,,,,,,,,,,,,,,,,,,,,,,,
,,"E","EEER","A-27ER001",,,"EE004","27",,"VSD 1st Stage Compressor","Process deck","AQ400","HV VSD room","13600","1600","2800","21.76",,,"PERM","0.15","12000","13800",,"325808","394800","516650",,,,,,,,,,,,,,,,,"12000",,,,,,,,,,"ABB ACS 5069-W3B-D5  (Same size as ?SC). Water cooled",,,,,
,,"E","EEER","A-27ER002",,,"EE004","27",,"VSD 2nd Stage Compressor","Process deck","AQ400","HV VSD room","13600","1600","2800","21.76",,,"PERM","0.15","12000","13800",,"328008","400500","515250",,,,,,,,,,,,,,,,,"12000",,,,,,,,,,"ABB ACS 5069-W3B-D5  (Same size as ?SC). Water cooled",,,,,
,,"E","EEER","A-27ER003",,,"ER020","27",,"Thyristor Control Panel for 27FE001","Mezzanine deck","AQ300","LV swb. room 1","2000","1800","500","3.6",,,"PERM","0.15","500","575",,"323963","397121","509200",,,,,,,,,,,,,,,,,,,,,,,,,,,"Located in Main LV Switcboard room. Exheat provided info",,,,,
,,"E","EEER","A-27ER004A",,,"ER018","27",,"VSD 1st Stage Compressor Suction Scrubber Pump A","Mezzanine deck","AQ300","LV swb. room 1","600","800","2200","0.64",,,"PERM","0.15","300","345",,"323480","399127","509301",,,,,,,,,,,,,,,,,,,,,,,,,,,,,,,,
,,"E","EEER","A-27ER004B",,,"ER018","27",,"VSD 1st Stage Compressor Suction Scrubber Pump B","Mezzanine deck","AQ300","LV swb. room 1","600","800","2200","0.64",,,"PERM","0.15","300","345",,"324290","399127","509301",,,,,,,,,,,,,,,,,,,,,,,,,,,,,,,,
"DIFF",,"E","EEET","A-27ET001",,,"EE004","27",,"100/2 kV Transformer 18 MVA 1st Stage Compressor","Process deck","AQ400","HV Transformer room","5000","4000","5000","20",,,"PERM","0.15","42000","48300","12000","340390","393490","516220",,,,,,,,,,,,,,,,,"13000",,,,,,,,,,"ABB transf 65000/6x1920V.  7-winding made for ACS5000 VSD. Water cooled",,,,,
"DIFF",,"E","EEET","A-27ET002",,,"EE004","27",,"100/2 kV Transformer 18 MVA 2nd Stage Compressor","Process deck","AQ400","HV Transformer room","5000","4000","5000","20",,,"PERM","0.15","42000","48300","12000","340390","399990","516220",,,,,,,,,,,,,,,,,"13000",,,,,,,,,,"ABB transf 65000/6x1920V 7-winding made for ACS5000 VSD Water cooled",,,,,
"DIFF",,"R","ERFE","A-27FE001",,,"ER020","27",,"Backflow Heater","Process deck","AP400","AP400","4000","830","1500","3.32",,,"PERM","0.15","3174","3650.1",,"308179","399279","514700",,,,,,"185",,"-46","150",,,,,,,,"540",,"22Cr Duplex",,,,,,,,"Based on previous stduy input (Exheat provided info. )",,,,,
"DIFF",,"R","ERHA","A-27HA001",,,"ER004","27",,"1st Stage Compressor Suction Cooler","Weather deck","AP500","AP500","15885","1750","2610","27.79875",,,"PERM","0.15","25610","29451.5","16450","300609","380499","524000",,,,,,"33.636","33.364","84.5","20","14028","817",,"SW",,"22801",,,"1246","Titan shell & tubes","25%Cr Duplex Heads",,,,,,"risk of changing weight due to impact of design for unmanned (type of TEMA heat exchanger)","HTRI - BEM Titanium Shell & Tubes / Duplex Heads. Tube design pressure 100 bargSW In Tempt.= 11 ?CSW Out Tempt.= 35 ?C",,,,,
"NEW",,"R","ERHA","A-27HA002",,,"ER004","27",,"Gas Export Cooler","Process deck","AP400","AP400","8600","920","1070","7.912",,,"PERM","0.15","5890","6773.5","1260",,,,,,,,,"163.5","163.05","137.7","90","1218","188",,"SW",,"5204",,,"62.7","Titan shell & tubes","25%Cr Duplex Heads",,,,,,"Uncertainty on process design/duty/size/weight ","Current sizing is based on Case A from TN C232-AI-P-RA-00010 Rev 02SW In Tempt.= 10 ?CSW Out Tempt.= 34.15 ?CGas Flow Rate = 135216 kg/hr",,,,,
,,"R","ERHB","A-27HB001",,,"ER009","27",,"VSD External Cooler (1st Stage Compressor VSD)","Process deck","AP400","AP400","1000","500","1000","0.5",,,"PERM","0.15","1250","1437.5",,"319045","391536","506925",,,,,,,,,,,,,,,,,,,"Titanium Plate ","CS Frame",,,,,,,"Based on ABB input",,,,,
,,"R","ERHB","A-27HB002",,,"ER009","27",,"VSD External Cooler (2nd Stage Compressor VSD)","Process deck","AP400","AP400","1000","500","1000","0.5",,,"PERM","0.15","1250","1437.5",,"319045","396637","506925",,,,,,,,,,,,,,,,,,,"Titanium Plate ","CS Frame",,,,,,,"Based on ABB input",,,,,
,,"J","EJJX","A-27JX001",,,"EI002","27",,"Fiscal Gas Export Metering","Process deck","AP400","AP400","9200","1500","2000","13.8",,,"PERM","0.15","4000","4600",,"297388","374219","514100",,,,,,,,,,,,,,,,,,,,,,,,,,,,,,,,
,,"J","EJJX","A-27JX002",,,"EI002","27",,"Fiscal Gas Export Metering Analyser","Process deck","AP400","AP400 CANTILEVER","2500","2500","2500","6.25",,,"PERM","0.15","2500","2875",,"312339","373470","514000",,,,,,,,,,,,,,,,,,,,,,,,,,,,,,,,
,,"R","ERKA","A-27KA001","NO","A-27KZ001","ER001","27",,"1st Stage Compressor","Weather deck","AP500","SKID","0","0","0","0",,,"PERM",,,"0",,"0","0","0",,,,,,,,,,,,,,,,,,,,,,,,,,,,,,,,
,,"E",,"A-27KA001-M01","NO","A-27KZ001","ER001","27",,"1st Stage Compressor Motor","Weather deck","AP500","SKID","0","0","0","0",,,"PERM",,,"0",,"0","0","0",,,,,,,,,,,,,,,,,,,,,,,,,,,,,,,,
,,"R","ERKA","A-27KA002","NO","A-27KZ002","ER001","27",,"2nd Stage Compressor","Weather deck","AP500","SKID","0","0","0","0",,,"PERM",,,"0",,"0","0","0",,,,,,,,,,,,,,,,,,,,,,,,,,,,,,,,
,,"E",,"A-27KA002-M01","NO","A-27KZ002","ER001","27",,"2nd Stage Compressor Motor","Weather deck","AP500","SKID","0","0","0","0",,,"PERM",,,"0",,"0","0","0",,,,,,,,,,,,,,,,,,,,,,,,,,,,,,,,
"DIFF",,"R","ERKZ","A-27KZ001","YES",,"ER001","27",,"1st Stage Compressor Skid","Weather deck","AP500","AP500","6200","4400","3600","27.28",,,"PERM","0.15","75000","86250",,"301069","384818","524116",,,,,,,,,,,,,,,,,,,,,,,,,,"Weight/Footprint due to lack of vendor information/drawings ","Based on MAN Layout- excludes noise wall.  Size information is preliminary. Skid size width increased pending gas coooling arrangment ",,,,,
"DIFF",,"R","ERKZ","A-27KZ002","YES",,"ER001","27",,"2nd Stage Compressor Skid","Weather deck","AP500","AP500","6200","4400","3600","27.28",,,"PERM","0.15","75000","86250",,"301069","391466","524116",,,,,,,,,,,,,,,,,,,,,,,,,,"Weight/Footprint due to lack of vendor information/drawings ","Based on MAN Layout- excludes noise wall.  Size information is preliminary. Skid size width increased pending gas coooling arrangment ",,,,,
,,"R",,"A-27LE001",,,,"27",,"Temporary Pig Launcher - Gas Export","Mezzanine deck","AP300","AP300 CANTILEVER","8000","600","600","4.8",,,"TEMP","0.15","7250","8337.5",,"297399","369000","508090",,,,,,,,,,,,,,,,,,,,,,,,,,," ",,,,,
"DIFF",,"R","ERPA","A-27PA001A","YES",,"ER018","27",,"1st Stage Compressor Suction Scrubber Pump A","Cellar deck","AP200","AP200","2000","1000","1000","1",,,"PERM","0.15","1370","1575.5",,"312350","383350","500110",,,,,,,,,,"92",,,,,,,,,"22Cr Duplex",,,,,,,,"PG Flow Solution / Sundstrand / Magdrive sealless pump - prevoius stdy Rated power 37 kW , Inormation to be updated ",,,,,
,,"E","ERPA","A-27PA001A-M01","NO","A-27PA001A","ER018","27",,"1st Stage Compressor Suction Scrubber Pump A Motor","Cellar deck","AP200","SKID","0","0","0","0",,,"PERM",,,"0",,"0","0","0",,,,,,,,,,"42",,,,,,,,,"22Cr Duplex",,,,,,,,"Size & Weights include internals.Info based on Cameron/Subsea Construction (vessel fabricator)  ",,,,,
"DIFF",,"R","ERPA","A-27PA001B","YES",,"ER018","27",,"1st Stage Compressor Suction Scrubber Pump B","Cellar deck","AP200","AP200","2000","1000","1000","2",,,"PERM","0.15","1370","1575.5",,"312350","386350","500110",,,,,,,,,,"92",,,,,,,,,"22Cr Duplex",,,,,,,,"PG Flow Solution / Sundstrand / Magdrive sealless pump - prevoius stdy Rated power 37 kW , Inormation to be updated ",,,,,
,,"E","ERPA","A-27PA001B-M01","NO","A-27PA001B","ER018","27",,"1st Stage Compressor Suction Scrubber Pump B Motor","Cellar deck","AP200","SKID","0","0","0","0",,,"PERM",,,"0",,"0","0","0",,,,,,,,,,,,,,,,,,,,,,,,,,,,,,,,
"DIFF",,"R","ERVG","A-27VG001",,,"ER003","27",,"1st Stage Compressor Suction Scrubber","Mezzanine deck","AP300","AP300,AP400",,"3500","4800","12.25",,,"PERM","0.15","77600","89240",,"310650","378825","509600",,,,,,"100","FV","-46","110",,,,,,,,,,"P500QL2 + Alloy 625 w.o.","22%Cr Duplex (S31803)",,,,,,"FDR requirement  for Liquid carry over /K value  ","Based on SLB proposal ",,,,,
,,"E","EEER","A-41ER001",,,"ER020","41",,"Thyristor Panel - Electric Heater - Bundle HM System","Mezzanine deck","AQ300","LV swb. room 2","4000","800","2000","3.2",,,"FUT","0.15","2000","2300",,"325053","383221","509200",,,,,,,,,,,,,,,,,,,,,,,,,,,,,,,,
"DIFF",,"E",,"A-41FE001",,,"ER020","41",,"Electric Heater - Bundle HM System","Mezzanine deck","AP300","AP300","4860","1200","2000","5.832",,,"FUT","0.15","5200","5980",,"314070","400955","508535",,,,,,,,,,,,,,,"1400",,,,,,,,,,,,"Based on information from previous Krafla UPP bundle heating evaluation",,,,,
"DIFF",,"R","ERPA","A-41PA001A","YES",,"ER018","41",,"Circulation Pump A - Bundle HM System","Mezzanine deck","AP300","AP300","3560","1155","1300","4.1118",,,"FUT","0.15","2450","2817.5",,"311629","394120","507095",,,,,,,"95",,"125","50",,,,,,"136",,,,,,,,,,,"Scaled Based on information from previous Krafla UPP bundle heating evaluation",,,,,
,,"E",,"A-41PA001A-M01","NO","A-41PA001A","ER018","41",,"Circulation Pump A Motor - Bundle HM System","Mezzanine deck","AP300","SKID",,,,"0",,,"FUT","0.15",,"0",,"0","0","0",,,,,,,,,,,,,,,,,,,,,,,,,,,"Based on information from previous Krafla UPP bundle heating evaluation",,,,,
"DIFF",,"R","ERPA","A-41PA001B","YES",,"ER018","41",,"Circulation Pump B - Bundle HM System","Mezzanine deck","AP300","AP300","3560","1155","1300","4.1118",,,"FUT","0.15","2450","2817.5",,"311629","397620","507095",,,,,,,"95",,"125","50",,,,,,"136",,,,,,,,,,,"Scaled Based on information from previous Krafla UPP bundle heating evaluation",,,,,
,,"E",,"A-41PA001B-M01","NO","A-41PA001B","ER018","41",,"Circulation Pump B Motor - Bundle HM System","Mezzanine deck","AP300","SKID",,,,"0",,,"FUT","0.15",,"0",,"0","0","0",,,,,,,,,,,,,,,,,,,,,,,,,,,"Based on information from previous Krafla UPP bundle heating evaluation",,,,,
"DIFF",,"R","ERVL","A-41VL001",,,"ER013","41",,"Expansion Tank - Bundle HM System","Process deck","AP400","AP400",,"2500","5000","6.25",,,"FUT","0.15","5000","5750",,"313439","401599","515965",,,,,,,"11",,"125",,,,,,,,,,,,,,,,,,"Scaled Based on information from previous Krafla UPP bundle heating evaluation",,,,,
"DIFF",,"O",,"A-42HA100",,,"-","42",,"Heat Exchanger for chem cleaning of separator","Mezzanine deck","AP300","AP300","2000","300","1000","0.6",,,"TEMP","0.15","450","517.5",,"296293","392156","507500",,,,,,,,,,,,,,,,,,,,,,,,,,,"Temporary equipmeent for chem cleaning of separator - based on information from IKM report",,,,,
"DIFF",,"O",,"A-42PX100A",,,"-","42",,"Circulation Pump 1 for chem cleaning of separator","Mezzanine deck","AP300","AP300","900","700","1300","0.63",,,"TEMP","0.15","160","184",,"297943","390559","507526",,,,,,,,,,,,,,,,,,,,,,,,,,,"Temporary equipmeent for chem cleaning of separator - based on information from IKM report (air driven pump)",,,,,
"DIFF",,"O",,"A-42PX100B",,,"-","42",,"Circulation Pump 2 for chem cleaning of separator","Mezzanine deck","AP300","AP300","900","700","1300","0.63",,,"TEMP","0.15","160","184",,"297943","392109","507533",,,,,,,,,,,,,,,,,,,,,,,,,,,"Temporary equipmeent for chem cleaning of separator - based on information from IKM report (air driven pump)",,,,,
"DIFF",,"O",,"A-42PX101A",,,"-","42",,"Circulation Pump 3 for chem cleaning of separator","Mezzanine deck","AP300","AP300","900","700","1300","0.63",,,"TEMP","0.15","160","184",,"299740","390457","507534",,,,,,,,,,,,,,,,,,,,,,,,,,,"Temporary equipmeent for chem cleaning of separator - based on information from IKM report (air driven pump)",,,,,
"DIFF",,"O",,"A-42PX101B",,,"-","42",,"Circulation Pump 4 for chem cleaning of separator","Mezzanine deck","AP300","AP300","900","700","1300","0.63",,,"TEMP","0.15","160","184",,"299740","392008","507533",,,,,,,,,,,,,,,,,,,,,,,,,,,"Temporary equipmeent for chem cleaning of separator - based on information from IKM report (air driven pump)",,,,,
"DIFF",,"J","ERXR","A-42XR001",,,"EI015","42",,"Chemical Distribution - Scale inhibitor ","Mezzanine deck","AP300","AP300","1600","750","2000","1.2",,,"PERM","0.15","600","690",,"319143","381000","507000",,,,,,,,,,,,,,,,,,,,,,,,,,,"From Oseberg , To UWP and Krafla wells , Size and number of connections to be revised due to new field configurairion ",,,,,
"DIFF",,"J","ERXR","A-42XR002",,,"EI015","42",,"Chemical Distribution - Asphaltene Inhibitor","Mezzanine deck","AP300","AP300","1600","750","2000","1.2",,,"PERM","0.15","600","690",,"319143","378500","507000",,,,,,,,,,,,,,,,,,,,,,,,,,,"From Oseberg , To oil export line subsea (one user)",,,,,
"DIFF",,"O",,"A-42XX100",,,"-","42",,"Circulation Tank for chem cleaning of separator","Mezzanine deck","AP300","AP300","2200","2200","2800","4.84",,,"TEMP","0.15","8000","9200",,"305300","406649","507000",,,,,,,,,,,,,,,,,,,,,,,,,,,"Temporary equipmeent for chem cleaning of separator - based on information from IKM report",,,,,
"NEW",,"R",,"A-43BT001",,,"ER019","43",,"Optical Monitor","Weather deck","AP500","AP500","310","230","1640","0.0529",,,"PERM","0.15","68","78.2",,,,,,,,,,,,,,,,,,,,,,,,,,,,,,,"Based on Zeeco's proposal from previous project",,,,,
"NEW",,"R",,"A-43CX001",,,"ER019","43",,"Flare Spool Piece","Flare tower","AF000","AF000",,"610","6240","0.3721",,,"PERM","0.15","1440","1656",,,,,,,,,,,,,,,,,,,,,,,"Alloy 800HT",,,,,,,,"Based on Zeeco's proposal from previous project",,,,,
,,"E","ERFE","A-43FE001","NO","A-43VD001","ER013","43",,"HP Flare KO Drum Heater","Cellar deck","AP200","SKID",,,,,,,"PERM","0.15",,,,,,,,,,,,,,,,,,,,,,,"50",,,,,,,,,,"Size and weight based on Valemon 43FE10001",,,,,
,,"R","ERFC","A-43FX001",,,"ER019","43",,"HP Flare Tip 24""","Flare tower","AF000","AF000",,"610","3000","0.3721",,,"PERM","0.15","835","960.25",,"317999","306447","612651",,,,,,,,,,,,,,,,,,,"Alloy 800HT",,,,,,,"awaiting for final process design ","24"" Flare Tip. Infor. based on Zeeco's proposal from previous project. Shall be procured as per Equinor's FA with Zeeco.",,,,,
,,"J","EJJX","A-43JX001",,,"EI002","43",,"HP Flare Metering Package","Process deck","AP400","AP400 CANTILEVER","-","400","14000","0.16",,,"PERM","0.15","400","460",,"317993","356453","534920",,,,,,,,,,,,,,,,,,,,,,,,,,,,,,,,
"DIFF",,"R","ERPA","A-43PA001",,,"ER018","43",,"HP Flare KO Drum Booster Pump","Cellar deck","AP200","AP200 CANTILEVER","2000","2000","2000","4",,,"PERM","0.15","1300","1495",,"300674","371600","500010",,,,,,,,,,,,,,,,,,,"22Cr Duplex",,,,,,,,"From previous study PG Flow Solution / Sundstrand / Magdrive sealless pump - to be ipadted for Askja *UPP ",,,,,
,,"E","ERPA","A-43PA001-M01","NO","A-43PA001","ER018","43",,"HP Flare KO Drum Booster Pump Motor","Cellar deck","AP200","SKID","0","0","0","0",,,"PERM",,,"0",,"0","0","0",,,,,,,,,,,,,,,,,,,,,,,,,,,,,,,,
"DIFF",,"R","ERPF","A-43PF001","YES",,"ER008","43",,"HP Flare KO Drum Liquid Pump","Cellar deck","AP200","AP200 CANTILEVER","1600","2000","2000","3.2",,,"PERM","0.15","3000","3450","300","296274","373400","500010",,,,,,,,,,"15",,,,,,,,,"22Cr Duplex",,,,,,,,"From previuos stdu . LEWA G3F  type membrane pump. -to be ipadted for Askja *UPP ",,,,,
,,"E","ERPA","A-43PF001-M01","NO","A-43PF001","ER008","43",,"HP Flare KO Drum Liquid Pump Motor","Cellar deck","AP200","SKID","0","0","0","0",,,"PERM",,,"0",,"0","0","0",,,,,,,,,,,,,,,,,,,,,,,,,,,,,,,,
"DIFF",,"R","ERVD","A-43VD001","YES",,"ER013","43",,"HP Flare KO Drum","Cellar deck","AP200","AP200 CANTILEVER","12000","3900","0","46.8",,,"PERM","0.15","37000","42550","63000","311000","371000","503490",,,,,,"12","FV","-101","110",,,,,,,,,,"6MO",,,,,,,"awaiting for final process design ","Weight include internals MEL info from Subsea Construction (vessel fabricator). ",,,,,
,,"R","ERXX","A-43XX001",,,"ER019","43",,"Ballistic Ignition Package","Process deck","AP400","AP400 CANTILEVER","2400","800","2400","1.92",,,"PERM","0.15","1920","2208",,"319730","377430","512763",,,,,,,,,,,,,,,,,,,,,,,,,,,,,,,,
,,"R","ERFC","A-43XX002",,,"ER019","43","?","High Energy Ignition Package","Process deck","AP400","AP400 CANTILEVER","2000","1250","2230","2.5","?","?","PERM","0.15","650","747,5","?","318930","373480","512763",,,,,,,,,,,,,,,,,,,,,,,,,,,"Weight and Size based on JS HEI Panel. ",,,,,
,,"R","ERXX","A-43XX003",,,"ER019","43","?","Propane Bottle Rack","Mezzanine deck","AP300","AP300","1200","750","2000","0.9","?","?","PERM","0.15","500","575,0",,"335270","400768","521000",,,,,,,,,,,,,,,,,,,,,,,,,,,"Inhouse estimated ",,,,,
"NEW",,"R",,"A-43XX004",,,"ER019","43",,"Ballistic Striker Assembly","Flare tower","AF000","AF000",,"762","6770","0.580644",,,"PERM","0.15","990","1138.5",,,,,,,,,,,,,,,,,,,,,,,"Alloy 800HT",,,,,,,,"Based on Zeeco's proposal from previous project",,,,,
,,"E","EEER","A-46ER001A",,,,"46",,"VSD drive HP MEG Pump A","Mezzanine deck","AQ300","LV swb. room 1","1250","600","2200","0.75",,,"FUT","0.15","600","690",,"323675","395078","509401",,,,,,,,,,,,,,,,,,,,,,,,,,,"Ref Dvalin MEG VSD",,,,,
,,"E","EEER","A-46ER001B",,,,"46",,"VSD drive HP MEG Pump B","Mezzanine deck","AQ300","LV swb. room 1","1250","600","2200","0.75",,,"FUT","0.15","600","690",,"324885","395078","509401",,,,,,,,,,,,,,,,,,,,,,,,,,,"Ref Dvalin MEG VSD",,,,,
,,"E","EEER","A-46ER002A",,,,"46",,"VSD drive LP MEG Pump A","Mezzanine deck","AQ300","LV swb. room 1","1250","600","2200","0.75",,,"FUT","0.15","600","690",,"323675","393078","509401",,,,,,,,,,,,,,,,,,,,,,,,,,,"Ref Dvalin MEG VSD",,,,,
,,"E","EEER","A-46ER002B",,,,"46",,"VSD drive LP MEG Pump B","Mezzanine deck","AQ300","LV swb. room 1","1250","600","2200","0.75",,,"FUT","0.15","600","690",,"324885","393078","509401",,,,,,,,,,,,,,,,,,,,,,,,,,,"Ref Dvalin MEG VSD",,,,,
,,"R","ERPB","A-46PB001A","YES",,,"46",,"HP MEG Injection Pump A","Cellar deck","AP200","AP200 CANTILEVER","3406","1906","2200","6.491836",,,"FUT","0.15","5000","5750",,"300500","404710","500090",,,,,,,,,,,,,,,,,,,,,,,,,,,"Skid mounted w/noise enclosure ",,,,,
,,"E",,"A-46PB001A-M01","NO","A-46PB001A",,"46",,"HP MEG Injection Pump A Motor ","Mezzanine deck","AP300","SKID",,,,"0",,,"FUT",,,,,"0","0","0",,,,,,,,,,,,,,,,,"200",,,,,,,,,,"Skid mounted w/noise enclosure ",,,,,
,,"R","ERPB","A-46PB001B","YES",,,"46",,"HP MEG Injection Pump B","Cellar deck","AP200","AP200 CANTILEVER","3406","1906","2200","6.491836",,,"FUT","0.15","5000","5750",,"295000","405550","500090",,,,,,,,,,,,,,,,,,,,,,,,,,,"Skid mounted w/noise enclosure ",,,,,
,,"E",,"A-46PB001B-M01","NO","A-46PB001B",,"46",,"HP MEG Injection Pump B Motor ","Mezzanine deck","AP300","SKID",,,,,,,"FUT",,,,,"0","0","0",,,,,,,,,,,,,,,,,"200",,,,,,,,,,"Skid mounted w/noise enclosure ",,,,,
,,"R","ERPB","A-46PB002A","YES",,,"46",,"LP MEG Injection Pump A","Cellar deck","AP200","AP200","3406","1906","2200","6.491836",,,"FUT","0.15","5000","5750",,"294000","399830","500090",,,,,,,,,,,,,,,,,,,,,,,,,,,"Skid mounted w/noise enclosure ",,,,,
,,"E",,"A-46PB002A-M01","NO","A-46PB001C",,"46",,"LP MEG Injection Pump A Motor ","Mezzanine deck","AP300","SKID",,,,,,,"FUT",,,,,"0","0","0",,,,,,,,,,,,,,,,,"150",,,,,,,,,,"Skid mounted w/noise enclosure ",,,,,
,,"R","ERPB","A-46PB002B","YES",,,"46",,"LP MEG Injection Pump B","Cellar deck","AP200","AP200","3406","1906","2200","6.491836",,,"FUT","0.15","5000","5750",,"294000","391330","500090",,,,,,,,,,,,,,,,,,,,,,,,,,,"Skid mounted w/noise enclosure ",,,,,
,,"E",,"A-46PB002B-M01 ","NO","A-46PB001D",,"46",,"LP MEG Injection Pump B Motor ","Mezzanine deck","AP300","SKID",,,,,,,"FUT",,,,,"0","0","0",,,,,,,,,,,,,,,,,"150",,,,,,,,,,"Skid mounted w/noise enclosure ",,,,,
"DIFF",,"R","ERVL","A-46VL001",,,"ER013","46",,"MEG Storage Tank","Weather deck","AP500","AP500",,"2700","6500","7.29",,,"FUT","0.15","7000","8050",,"296898","377543","523464",,,,,,,,,,,,,,,,,,,"22Cr Duplex",,,,,,,,"40m3 storage volume, vertical vessel",,,,,
,,"E","EEER","A-47ER001A",,,"ER015","47",,"Electrochlorination Transformer / Rectifier","Mezzanine deck","AQ300","MV Transformer room","1200","1100","1400","1.32",,,"PERM","0.15","700","805",,"338073","391099","508392",,,,,,,,,,,,,,,,,"50",,,,,,,,,,"Size and weigh based on Cumberland proposal",,,,,
,,"E","EEER","A-47ER001B",,,"ER015","47",,"Electrochlorination Transformer / Rectifier","Mezzanine deck","AQ300","MV Transformer room","1200","1100","1400","1.32",,,"PERM","0.15","700","805",,"339673","391099","508392",,,,,,,,,,,,,,,,,"50",,,,,,,,,,"Size and weigh based on Cumberland proposal",,,,,
"DIFF",,"R","ERXX","A-47XX001",,,"ER015","47",,"Electro-Chlorination  Skid","Mezzanine deck","AP300","AP300","5500","3400","3200","18.7",,,"PERM","0.15","5700","6555",,"295195","398557","507728",,,,,,"17","FV","-10","50",,,,,,,,,,"Titanium Tubes",,,,,,,"pending decision for ATEX certification /filtration inside package ","Size and weigh based on Cumberland proposal from similar project. To be updated for Askja UPP",,,,,
"DIFF",,"R","ERPA","A-50PA001A","YES",,"ER018","50",,"Hot Seawater Circulation Pump A","Process deck","AP400","AP400","3200","1400","1600","4.48",,,"PERM","0.15","3500","4025","50","312844","392748","514090",,,,,,"17","FV","-10","100","700",,,,,,"150",,,"Titanium",,,,,,,,"Weight & Size scaled Info based on Sulzer for previus study  ,  to be updated for Askja UPP",,,,,
"DIFF",,"E","ERPH","A-50PA001A-M01","NO","A-50PA001A","ER018","50",,"Hot Seawater Circulation Pump A Motor","Process deck","AP400","SKID",,,,,,,"PERM",,,,,"0","0","0",,,,,,,,,,,,,,,,,,,,,,,,,,,,,,,,
"DIFF",,"R","ERPA","A-50PA001B","YES",,"ER018","50",,"Hot Seawater Circulation Pump B","Process deck","AP400","AP400","3200","1400","1600","4.48",,,"PERM","0.15","3500","4025","50","312845","395748","514090",,,,,,"17","FV","-10","100","700",,,,,,"150",,,"Titanium",,,,,,,,"Weight & Size scaled Info based on Sulzer for previus study  ,  to be updated for Askja UPP",,,,,
"DIFF",,"E","ERPA","A-50PA001B-M01","NO","A-50PA001B","ER018","50",,"Hot Seawater Circulation Pump B Motor","Process deck","AP400","SKID",,,,,,,"PERM",,,,,"0","0","0",,,,,,,,,,,,,,,,,,,,,,,,,,,,,,,,
,,"R","ERPH","A-50PH001A","YES",,"ER011","50",,"Seawater Lift Pump A","Cellar deck","AP200","AP200","1400","1400","40000","1.96",,,"PERM","0.15","16000","18400","5000","319245","400299","500389",,,,,,,,,,"2500",,,,,,"950",,,"25%Cr Duplex",,,,,,,,"Lineshaft pump - Eureka",,,,,
,,"E","ERPH","A-50PH001A-M01","NO","A-50PH001A","ER011","50",,"Seawater Lift Pump A Motor","Cellar deck","AP200","SKID","0","0","0","0",,,"PERM",,,"0",,,,,,,,,,,,,,,,,,,,,"800",,"25%Cr Duplex",,,,,,,,,,,,,
,,"R","ERPH","A-50PH001B","YES",,"ER011","50",,"Seawater Lift Pump B ","Cellar deck","AP200","AP200","1400","1400","40000","1.96",,,"PERM","0.15","16000","18400","5000","319245","398149","500389",,,,,,,,,,"2500",,,,,,"950",,,"25%Cr Duplex",,,,,,,,"Lineshaft pump - Eureka ",,,,,
,,"E","ERPH","A-50PH001B-M01","NO","A-50PH001B","ER011","50",,"Seawater Lift Pump B Motor","Cellar deck","AP200","SKID","0","0","0","0",,,"PERM",,,"0",,"0","0","0",,,,,,,,,,,,,,,,,"800",,,,,,,,,,,,,,,
,,"R","ERXX","A-50XX001",,,"ER012","50",,"Seawater Filtration Package","Mezzanine deck","AP300","AP300","6000","3000","5200","18",,,"PERM","0.15","18000","20700","4700","299000","400850","506708",,,,,,"17","FV","-10","50",,,,,,,,,,"25%Cr Duplex",,,,,,,"Pending decision on filter skid configuration vs single filter skid ","Based on Filtrex proposal ",,,,,
,,"O",,"A-55XX100",,,"-","55",,"Steam Unit","Weather deck","AP500","AP500 TEMP","3600","2400","3000","8.64",,,"TEMP","0.15","8400","9660",,"331650","390378","520998",,,,,,,,,,,,,,,,,,,,,,,,,,,"Temporary equipmeent for chem cleaning of separator - based on information from IKM report",,,,,
,,"R","ERTB","A-56TB001",,,"ER014","56",,"Open Drain Tank","W2W deck","AP100","AP100","2000","2000","2000","4",,,"PERM","0.15","2800","3220","7500","347824","395520","496642",,,,,,,,,,,,,,,,,,,,,,,,,,,,,,,,
,,"O",,"A-64XX100",,,"-","64",,"Nitrogen Bottle Rack","Weather deck","AP500","AP500 TEMP","2200","2000","2500","4.4",,,"TEMP","0.15","7950","9142.5",,"334770","396768","521000",,,,,,,,,,,,,,,,,,,,,,,,,,,"Temporary equipmeent for chem cleaning of separator - based on information from IKM report",,,,,
,,"J","EJJB","A-71JC003A",,,"EI101","71",,"SAS Controller Node Cabinet (F&G) Askja UWP","Cellar deck","AQ200","CER 1","1000","800","2200","0.8",,,"PERM","0.15","200","230",,"329500","403602","502360",,,,,,,,,,,,,,,,,,,,,,,,,,,,,,,,
,,"J","EJJB","A-71JC003B",,,"EI101","71",,"SAS Controller Node Cabinet (ESD) Askja UWP","Cellar deck","AQ200","CER 1","1000","800","2200","0.8",,,"PERM","0.15","200","230",,"328498","403602","502360",,,,,,,,,,,,,,,,,,,,,,,,,,,,,,,,
"DIFF",,"R","ERMA","A-73MA001",,,"ER016","73",,"Pedestal Crane","Crane","AK000","NA","50000","4000","9600","200",,,"PERM","0.15","117000","134550",,"338513","407602","531206",,,,,,,,,,,,,,,,,,,,,,,,,,,"General Purpose Offshore Crane, All electric wire luffing type - Based on Castberg crane design",,,,,
"DIFF",,"R",,"A-73ME001",,,,"73",,"Floorbased mini crane","Weather deck","AP500","AP500 TEMP","3800","3800","2600","14.44",,,"TEMP","0.15","1800","2070",,"0","0","0",,,,,,,,,,,,,,,,,,,,,,,,,,,"Temporary equipment to be brought in via the sypply vessel and mobilized as required by Operator ",,,,,
,,"R",,"A-73MK002",,,,"73",,"Temporary Umbilical Winch","Weather deck","AP500","AP500 TEMP","2800","2500","3591","7",,,"TEMP","0.15","7870","9050.5",,"331565","399113","521005",,,,,,,,,,,,,,,,,,,,,,,,,,,"Temporary equipment",,,,,
"NEW",,"R","ERMX","A-73MX001",,,"ER016","73",,"Pedestal Adapter","Crane","AK000",,"3200","3200","3500","10.24",,,"PERM","0.15","17300","19895",,,,,,,,,,,,,,,,,,,,,,,,,,,,,,,"Main dimension - access paltform has ring radious of around 6 meters. Based on Castberg crane design",,,,,
"DIFF",,"R","ERMX","A-73MX002",,,"ER016","73",,"Crane Pedestal ","Crane","AK000","NA",,"3200","13000","10.24",,,"PERM","0.15","35000","40250",,"344500","407400","521005",,,,,,,,,,,,,,,,,,,,,,,,,,,"Preliminary inhouse estimate ",,,,,
,,"R",,"A-73MZ002",,,,"73",,"Temporary HPU for Umbilical Winch","Weather deck","AP500","AP500 TEMP","2378","2438","2591","5.797564",,,"TEMP","0.15","9000","10350",,"331047","394368","521000",,,,,,,,,,,,,,,,,,,,,,,,,,,"Temporary equipment",,,,,
,,"S",,"A-76SX001",,,"ES001","76",,"Temporary Escape Chute","Stair tower east","AQ110","AQ110","2100","1400","1400","2.94",,,"TEMP","0.15","1200","1380",,"348940","390950","499280",,,,,,,,,,,,,,,,,,,,,,,,,,,"Viking SES Basic chute - note this is temporary equipment.  No special design increasing the cost from a normal chute. Coordinates gotten from Martine 02.02.2021",,,,,
"DIFF",,"H","EGGX","A-77GX001",,,"EH001","77",,"HVAC Recirculation Unit","Mezzanine deck","AQ300","HVAC","8910","2600","4400","23.166",,,"PERM","0.15","10500","12075",,"337624","382646","507002",,,,,,,,,,"32000",,,,,,,"11",,,,,,,,,,"Based on Covent AS provided info and Novenco standard drawing",,,,,
"NEW",,"E","EEER","A-77ER001A",,,"EH001","77",,"VSD for Recirculation Unit A","Mezzanine deck","AQ300","LV swb. room 1","430","610","2150","0.2623",,,"PERM","0.15","240","276",,"325650","389320","509300",,,,,,,,,,,,,,,,,,,,,,,,,,,,,,,,
"NEW",,"E","EEER","A-77ER001B",,,"EH001","77",,"VSD for Recirculation Unit B","Mezzanine deck","AQ300","LV swb. room 1","430","610","2150","0.2623",,,"PERM","0.15","240","276",,"325170","389320","509300",,,,,,,,,,,,,,,,,,,,,,,,,,,,,,,,
"DIFF",,"H","EGGX","A-77GX002",,,"EH001","77",,"HVAC Air Handling Unit - Fresh Air","Cellar deck","AQ200","HVAC","8910","3980","5600","35.4618",,,"PERM","0.15","21750","25012.5",,"342549","395993","500100",,,,,,,,,,"63000",,,,,,,"164",,,,,,,,,,"Based on Covent AS provided info and Novenco standard drawing",,,,,
"NEW",,"E","EEER","A-77ER002A",,,"EH001","77",,"VSD for Air handling Unit A","Mezzanine deck","AQ300","LV swb. room 1","430","610","2150","0.2623",,,"PERM","0.15","240","276",,"324690","389320","509300",,,,,,,,,,,,,,,,,,,,,,,,,,,,,,,,
"NEW",,"E","EEER","A-77ER002B",,,"EH001","77",,"VSD for Air handling Unit B","Mezzanine deck","AQ300","LV swb. room 1","430","610","2150","0.2623",,,"PERM","0.15","240","276",,"324210","389320","509300",,,,,,,,,,,,,,,,,,,,,,,,,,,,,,,,
"DIFF",,"H","EGGX","A-77GX003",,,"EH001","77",,"HVAC Extract Unit","Cellar deck","AQ200","HVAC","6600","2600","5600","17.16",,,"PERM","0.15","7500","8625",,"336295","396611","500002",,,,,,,,,,"63000",,,,,,,"21",,,,,,,,,,"Based on Covent AS provided info and Novenco standard drawing",,,,,
"NEW",,"E","EEER","A-77ER003A",,,"EH001","77",,"VSD for Air Exact Unit A","Mezzanine deck","AQ300","LV swb. room 1","430","610","2150","0.2623",,,"PERM","0.15","240","276",,"323730","389320","509300",,,,,,,,,,,,,,,,,,,,,,,,,,,,,,,,
"NEW",,"E","EEER","A-77ER003B",,,"EH001","77",,"VSD for Air Exact Unit B","Mezzanine deck","AQ300","LV swb. room 1","430","610","2150","0.2623",,,"PERM","0.15","240","276",,"323250","389320","509300",,,,,,,,,,,,,,,,,,,,,,,,,,,,,,,,
"NEW",,"H","EEFE","A-77FE002",,,"EH001","77",,"Re-heater for Battery room A","Cellar deck","AQ200","Battery room A","300","300","300","0.09",,,"PERM","0.15","20","20",,,,,,,,,,,,,,,,,,,,,,,,,,,,,,,,,,,,
"NEW",,"H","EEFE","A-77FE003",,,"EH001","77",,"Re-heater for battery room B","Cellar deck","AQ200","Battery room B","300","300","300","0.09",,,"PERM","0.15","20","20",,,,,,,,,,,,,,,,,,,,,,,,,,,,,,,,,,,,
"NEW",,"E","EEER","A-77ER004A",,,"EH001","77",,"Thyristor Panel for Air Heater A  ","Mezzanine deck","AQ300","LV swb. room 2","1000","400","1900","0.4",,,"PERM","0.15","300","345",,"329767","384180","509300",,,,,,,,,,,,,,,,,,,,,,,,,,,,,,,,
"NEW",,"E","EEER","A-77ER004B",,,"EH001","77",,"Thyristor Panel for Air Heater B","Mezzanine deck","AQ300","LV swb. room 2","1000","400","1900","0.4",,,"PERM","0.15","300","345",,"329767","383170","509300",,,,,,,,,,,,,,,,,,,,,,,,,,,,,,,,
"DIFF",,"H","EGGX","A-77GX003",,,"EH001","77",,"HVAC Extract Unit","Cellar deck","AQ200","HVAC","6600","2600","5600","17.16",,,"PERM","0.15","7500","8625",,"336295","396611","500002",,,,,,,,,,"63000",,,,,,,"21",,,,,,,,,,"Based on Covent AS provided info and Novenco standard drawing",,,,,
,,"J","EJJB","A-79JC001A",,,"EI101","79",,"SAS Controller Node Cabinet (PSD) Askja UWP","Cellar deck","AQ200","CER 1","1000","800","2200","0.8",,,"PERM","0.15","200","230",,"326494","403602","502360",,,,,,,,,,,,,,,,,,,,,,,,,,,,,,,,
,,"J","EJJB","A-79JC001B",,,"EI101","79",,"SAS Controller Node Cabinet (PCS) Askja UWP","Cellar deck","AQ200","CER 1","1000","800","2200","0.8",,,"PERM","0.15","200","230",,"327496","403602","502360",,,,,,,,,,,,,,,,,,,,,,,,,,,,,,,,
"NEW",,"E","EEEH","A-80EH101",,,"EE002","80",,"100 kV Gas Insulated Switchgear","Process deck","AQ400","HV GIS room","6000","4800","3600","28.8",,,"PERM","0.15","17500","20125",,"328377","380515","515516",,,,,,,,,,,,,,,,,,,,,,,,,,,,,,,,
"NEW",,"E","EEEH","A-80EH001",,,"EE002","80",,"11 kV Switchgear A/B","Mezzanine deck","AQ300","HV equipment room","14000","1200","2600","16.8",,,"PERM","0.15","18521.7391304348","21300",,"333058","378115","509500",,,,,,,,,,,,,,,,,,,,,,,,,,,,,,,,
,,"E","EEET","A-80ET001",,,"EE001","80",,"100 kV Earthing transformer","Process deck","AQ400","HOLD",,,,,,,,,,,,"0","0","0",,,,,,,,,,,,,,,,,,,,,,,,,,,"To be decided later ",,,,,
"DIFF",,"E","EEET","A-80ET001A",,,"EE001","80",,"100/11 kV Transformer 12.5 MVA","Process deck","AQ400","HV Transformer room","5000","4000","4800","20",,,"PERM","0.15","35000","40250","9971.80480677185","340390","382490","516220",,,,,,,,,,,,,,,,,"12500",,,,,,,,,"size/rating may increase depending on maturity of system design and selection of pipeheating solution ","Air cooled KNAN transformer",,,,,
"DIFF",,"E","EEET","A-80ET001B",,,"EE001","80",,"100/11 kV Transformer 12.5 MVA","Process deck","AQ400","HV Transformer room","5000","4000","4800","20",,,"PERM","0.15","35000","40250","9971.80480677185","340290","375840","516220",,,,,,,,,,,,,,,,,"12500",,,,,,,,,"size/rating may increase depending on maturity of system design and selection of pipeheating solution ","Air cooled KNAN transformer",,,,,
"DIFF",,"E","EEEY","A-80EY001A",,,"EE001","80",,"Neutral Earhing Resistor","Process deck","AQ400","HV Transformer room","1300","1000","1800","1.3",,,"PERM","0.15","1200","1380",,"335000","380800","514985",,,,,,,,,,,,,,,,,,,,,,,,,,,,,,,,
"DIFF",,"E","EEEY","A-80EY001B",,,"EE001","80",,"Neutral Earhing Resistor","Process deck","AQ400","HV Transformer room","1300","1000","1800","1.3",,,"PERM","0.15","1200","1380",,"335000","376950","514935",,,,,,,,,,,,,,,,,,,,,,,,,,,,,,,,
,,"E","EEEL","A-82EL010",,,"EE005","82",,"400 V Main Distribution Board","Mezzanine deck","AQ300","LV swb. room 1","4000","600","2200","2.4",,,"PERM","0.15","1500","1725",,"332194","400637","509350",,,,,,,,,,,,,,,,,,,,,,,,,,"size of the 400/230 V DB may increase during detial  design phase",,,,,,
,,"E","EEEL","A-82EL020",,,"EE005","82",,"400 V Main Distribution Board","Mezzanine deck","AQ300","LV swb. room 1","4000","600","2200","2.4",,,"PERM","0.15","1500","1725",,"332194","393137","509350",,,,,,,,,,,,,,,,,,,,,,,,,,"size of the 400/230 V DB may increase during detial  design phase",,,,,,
"DIFF",,"E","EEEN","A-82EN001",,,"EE002","82",,"690 V Switchboard A/B","Mezzanine deck","AQ300","LV swb. room 1","10000","1200","2200","12",,,"PERM","0.15","5500","6325",,"328303","395981","509300",,,,,,,,,,,,,,,,,,,,,,,,,,"30% contingency included based on current design. However, size of 690 V SWB may increase when process/utility design maturs in FEED detial phase ",,,,,,
"DIFF",,"E","EEEN","A-82EN002",,,"EE002","82",,"690 V Switchboard C","Mezzanine deck","AQ300","LV swb. room 2","4000","800","2200","3.2",,,"PERM","0.15","2500","2875",,"325053","384121","509200",,,,,,,,,,,,,,,,,,,,,,,,,,"30% contingency included based on current design. However, size of 690 V SWB may increase when process/utility design maturs in FEED detial phase ",,,,,,
,,"E","EEET","A-82ET001A",,,"EE001","82",,"11/0.69 kV Transformer A 3150 kVA","Mezzanine deck","AQ300","MV Transformer room","2900","1700","2600","4.93",,,"PERM","0.15","6800","7820",,"334775","399032","508295",,,,,,,,,,,,,,,,,"3150",,,,,,,,,,"Dry type air cooled transformer",,,,,
,,"E","EEET","A-82ET001B",,,"EE001","82",,"11/0.69 kV Transformer B 3150 kVA","Mezzanine deck","AQ300","MV Transformer room","2900","1700","2600","4.93",,,"PERM","0.15","6800","7820",,"334772","394924","508295",,,,,,,,,,,,,,,,,"3150",,,,,,,,,,"Dry type air cooled transformer",,,,,
"DIFF",,"E","EEET","A-82ET002",,,"EE001","82",,"11/0.69 kV Transformer C 3150 kVA","Mezzanine deck","AQ300","MV Transformer room","2900","1700","2600","4.93",,,"PERM","0.15","6800","7820",,"335115","391167","508295",,,,,,,,,,,,,,,,,"3150",,,,,,,,,,"Dry type air cooled transformer",,,,,
"DIFF",,"E","EEET","A-82ET003",,,"EE001","82",,"11/0.69 kV Transformer 690 kVA - Essential Power","Mezzanine deck","AQ300","MV Transformer room","2000","1200","1800","2.4",,,"PERM","0.15","4500","5175",,"324800","373115","508350",,,,,,,,,,,,,,,,,"3150",,,,,,,,,,"Dry type air cooled transformer",,,,,
,,"E","EEET","A-82ET010",,,"EE004","82",,"690/400 V Transformer 315 kVA","Mezzanine deck","AQ300","MV Transformer room","1900","1300","1500","2.47",,,"PERM","0.15","1400","1610",,"343048","394439","507885",,,,,,,,,,,,,,,,,"315",,,,,,,,,"Size may increase if it is decided to be 2x100% on 400 V distribution system",,,,,,
,,"E","EEET","A-82ET020",,,"EE004","82",,"690/400 V Transformer 315 kVA","Mezzanine deck","AQ300","MV Transformer room","1900","1300","1500","2.47",,,"PERM","0.15","1400","1610",,"343048","391939","507885",,,,,,,,,,,,,,,,,"315",,,,,,,,,"Size may increase if it is decided to be 2x100% on 400 V distribution system",,,,,,
"DIFF",,"E","EEEY","A-82EY001A",,,"EE001","82",,"Neutral Earhing Resistor","Mezzanine deck","AQ300","MV Transformer room","500","350","600","0.175",,,"PERM","0.15","30","34.5",,"333067","396978","507940",,,,,,,,,,,,,,,,,,,,,,,,,,,,,,,,
"DIFF",,"E","EEEY","A-82EY001B",,,"EE001","82",,"Neutral Earhing Resistor","Mezzanine deck","AQ300","MV Transformer room","500","350","600","0.175",,,"PERM","0.15","30","34.5",,"333067","392928","507940",,,,,,,,,,,,,,,,,,,,,,,,,,,,,,,,
"DIFF",,"E","EEEY","A-82EY002",,,"EE001","82",,"Neutral Earhing Resistor","Mezzanine deck","AQ300","MV Transformer room","500","350","600","0.175",,,"PERM","0.15","30","34.5",,"333067","389428","507940",,,,,,,,,,,,,,,,,,,,,,,,,,,,,,,,
"DIFF",,"E","EEEB","A-85EB001A",,,"EE003","85",,"UPS Battery Bank A","Mezzanine deck","AQ300","Battery room A","10500","800","1675","8.4",,,"PERM","0.15","13700","15755",,"340475","384547","500900",,,,,,,,,,,,,,,,,,,,,,,,,,"uncertainties related to change of battery type and potential increase of UPS loads ",,,,,,
"DIFF",,"E","EEEB","A-85EB001B",,,"EE003","85",,"UPS Battery Bank B ","Cellar deck","AQ200","Battery room B","10500","800","1675","8.4",,,"PERM","0.15","13700","15755",,"340475","379622","500900",,,,,,,,,,,,,,,,,,,,,,,,,,"uncertainties related change of battery type and potential increase of UPS loads ",,,,,,
"DIFF",,"E","EEEB","A-85EB002",,,"EE006","85",,"Navaid Battery Bank","Cellar deck","AQ200","UPS room A","570","940","680","0.5358",,,"PERM","0.15","135","155.25",,"336100","383300","501650",,,,,,,,,,,,,,,,,,,,,,,,,,,,,,,,
"DIFF",,"E","EEEC","A-85EC002",,,"EE006","85",,"Navaid Control Panel","Cellar deck","AQ200","UPS room A","900","350","1150","0.315",,,"PERM","0.15","150","172.5",,"336450","384650","501200",,,,,,,,,,,,,,,,,,,,,,,,,,,,,,,,
,,"E","EEEL","A-85EL010A",,,"EE003","85",,"400/230 VAC UPS Distribution Board A","Cellar deck","AQ200","UPS room A","1800","650","2000","1.17",,,"PERM","0.15","500","575",,"333016","385804","502200",,,,,,,,,,,,,,,,,,,,,,,,,,,,,,,,
,,"E","EEEL","A-85EL010B",,,"EE003","85",,"400/230 VAC UPS Distribution Board B","Cellar deck","AQ200","UPS room B","1800","650","2000","1.17",,,"PERM","0.15","500","575",,"336050","378427","502200",,,,,,,,,,,,,,,,,,,,,,,,,,,,,,,,
,,"E","EEEL","A-85EL011A",,,"EE003","85",,"400/230 VAC UPS Sub Distribution Board A","Mezzanine deck","AQ300","CER 1","900","650","2000","0.585",,,"PERM","0.15","250","287.5",,"332927","399190","502260",,,,,,,,,,,,,,,,,,,,,,,,,,,,,,,,
,,"E","EEEL","A-85EL011B",,,"EE003","85",,"400/230 VAC UPS Sub Distribution Board B","Mezzanine deck","AQ300","CER 1","900","650","2000","0.585",,,"PERM","0.15","250","287.5",,"332927","390490","502260",,,,,,,,,,,,,,,,,,,,,,,,,,,,,,,,
,,"E","EEEL","A-85EL012A",,,"EE003","85",,"400/230 VAC UPS Sub Distribution Board A","Cellar deck","AQ200","CER 2","900","650","2000","0.585",,,"PERM","0.15","250","287.5",,"327256","371907","502260",,,,,,,,,,,,,,,,,,,,,,,,,,,,,,,,
,,"E","EEEL","A-85EL012B",,,"EE003","85",,"400/230 VAC UPS Sub Distribution Board B","Cellar deck","AQ200","CER 2","900","650","2000","0.585",,,"PERM","0.15","250","287.5",,"328286","371907","502260",,,,,,,,,,,,,,,,,,,,,,,,,,,,,,,,
,,"E","EEER","A-85ER001A",,,"EE003","85",,"400 VAC 3-phase UPS A, 240 kVA","Cellar deck","AQ200","UPS room A","4000","800","2100","3.2",,,"PERM","0.15","5000","5750",,"332969","383353","502200",,,,,,,,,,,,,,,,,"240",,,,,,,,,"potential increase in detial design phase, also depending on selection of supplier",,,,,,
"DIFF",,"E","EEER","A-85ER001B",,,"EE003","85",,"400 VAC 3-phase UPS B, 240 kVA","Cellar deck","AQ200","UPS room B","4000","800","2100","3.2",,,"PERM","0.15","5000","5750",,"332970","377953","502200",,,,,,,,,,,,,,,,,"240",,,,,,,,,"potential increase in detial design phase, also depending on selection of supplier",,,,,,
,,"E",,"A-85EX002",,,"EE006","85",,"Navaid Battery Breaker","Cellar deck","AQ200","UPS room A","300","160","680","0.048",,,"PERM","0.15","65","74.75",,"336300","384200","501600",,,,,,,,,,,,,,,,,,,,,,,,,,,,,,,,
,,"E",,"A-85EZ001",,,"EE006","85",,"Navaid Main and Secondary Light","Cellar deck","AQ200","Cellar deck","800","400","1900","0.32",,,"PERM","0.15","250","287.5",,"346600","406450","501000",,,,,,,,,,,,,,,,,,,,,,,,,,,,,,,,
,,"E",,"A-85EZ002",,,"EE006","85",,"Navaid Sub Light","Cellar deck","AQ200","Cellar deck","700","400","600","0.28",,,"PERM","0.15","30","34.5",,"347250","369300","501000",,,,,,,,,,,,,,,,,,,,,,,,,,,,,,,,
,,"T","ETRA","A-86RA001",,,"ET001","86",,"GA Cabinet #1 A system","Cellar deck","AQ200","CER 2","1000","800","2200","0.8",,,"PERM","0.15","400","460",,"325492","403602","502360",,,,,,,,,,,,,,,,,,,,,,,,,,,,,,,,
,,"T","ETRA","A-86RA002",,,"ET001","86",,"GA Cabinet #2 B system","Cellar deck","AQ200","CER 1","1000","800","2200","0.8",,,"PERM","0.15","400","460",,"325288","381938","502360",,,,,,,,,,,,,,,,,,,,,,,,,,,,,,,,
,,"T","ETRC","A-86RC001",,,"ET001","86",,"Closed Circuit Television (CCTV) Cabinet","Cellar deck","AQ200","CER 2","1000","800","2200","0.8",,,"PERM","0.15","400","460",,"326290","381938","502360",,,,,,,,,,,,,,,,,,,,,,,,,,,,,,,,
,,"T","ETRO","A-86RO001",,,"ET001","86",,"Distribution Cabinet Office Data Network","Cellar deck","AQ200","CER 2","1000","800","2200","0.8",,,"PERM","0.15","400","460",,"327292","381938","502360",,,,,,,,,,,,,,,,,,,,,,,,,,,,,,,,
,,"T","ETRO","A-86RO002",,,"ET001","86",,"Distribution Cabinet Technincal data network","Cellar deck","AQ200","CER 2","1000","800","2200","0.8",,,"PERM","0.15","400","460",,"328294","381938","502360",,,,,,,,,,,,,,,,,,,,,,,,,,,,,,,,
,,"T","ETRO","A-86RO003",,,"ET001","86",,"Distribution Cabinet Fibre cable links","Cellar deck","AQ200","CER 2","1000","800","2200","0.8",,,"PERM","0.15","400","460",,"329296","381938","502360",,,,,,,,,,,,,,,,,,,,,,,,,,,,,,,,
,,"T","ETRO","A-86RO004",,,"ET001","86",,"MPLS Cabinet Route bundle A","Cellar deck","AQ200","CER 2","1000","800","2200","0.8",,,"PERM","0.15","400","460",,"328294","381938","502360",,,,,,,,,,,,,,,,,,,,,,,,,,,,,,,,
,,"T","ETRO","A-86RO005",,,"ET001","86",,"MPLS Cabinet Route bundle B","Cellar deck","AQ200","CER 1","1000","800","2200","0.8",,,"PERM","0.15","400","460",,"326290","381938","502360",,,,,,,,,,,,,,,,,,,,,,,,,,,,,,,,
,,"T","ETRR","A-86RR001",,,"ET001","86",,"Radar and AIS Cabinet","Cellar deck","AQ200","CER 2","1000","800","2200","0.8",,,"PERM","0.15","400","460",,"325288","383938","502360",,,,,,,,,,,,,,,,,,,,,,,,,,,,,,,,
,,"T","ETRR","A-86RR002",,,"ET001","86",,"VTMS Radar Antenna # 1 and Antenna Control Unit # 1","Weather deck","AP500","AP500 CANTILEVER","2800","2800","2730","7.84",,,"PERM","0.15","1100","1265",,"346300","368450","521000",,,,,,,,,,,,,,,,,,,,,,,,,,,,,,,,
,,"T","ETRR","A-86RR003",,,"ET001","86",,"OSD Radar Antenna # 1 and Antenna Control Unit # 1","Weather deck","AP500","AP500 E","1100","800","800","0.88",,,"PERM","0.15","200","230",,"346300","368450","521000",,,,,,,,,,,,,,,,,,,,,,,,,,,,,,,,
,,"T","ETRS","A-86RS001",,,"ET001","86",,"Optical JB Communication to shore bundle A","Cellar deck","AQ200","CER 2","1000","800","400","0.8",,,"PERM","0.15","100","115",,"327000","377800","502800",,,,,,,,,,,,,,,,,,,,,,,,,,,,,,,,
,,"T","ETRS","A-86RS002",,,"ET001","86",,"Optical JB Communication to shore bundle B","Cellar deck","AQ200","CER 2","1000","800","400","0.8",,,"PERM","0.15","100","115",,"325800","377800","502800",,,,,,,,,,,,,,,,,,,,,,,,,,,,,,,,
,,"T","ETRS","A-86RS003",,,"ET001","86",,"Optical JB Communication to NoA PdQ bundle A","Cellar deck","AP200","Cellar deck","1000","800","400","0.8",,,"PERM","0.15","100","115",,"327000","374800","502800",,,,,,,,,,,,,,,,,,,,,,,,,,,,,,,,
,,"T","ETRS","A-86RS004",,,"ET001","86",,"Optical JB Communication to NoA PdQ bundle B","Cellar deck","AP200","Cellar deck","1000","800","400","0.8",,,"PERM","0.15","100","115",,"325800","374800","502800",,,,,,,,,,,,,,,,,,,,,,,,,,,,,,,,
"DIFF",,"T","ETRS","A-86RS005",,,"ET001","86",,"Optical JB Communication to Krafla UWP and shore bundle A","Cellar deck","AQ200","CER 2","1000","800","400","0.8",,,"PERM","0.15","100","115",,"330400","377800","502800",,,,,,,,,,,,,,,,,,,,,,,,,,,,,,,,
"DIFF",,"T","ETRS","A-86RS006",,,"ET001","86",,"Optical JB Communication to Krafla UWP and shore bundle B","Cellar deck","AQ200","CER 2","1000","800","400","0.8",,,"PERM","0.15","100","115",,"329200","377800","502800",,,,,,,,,,,,,,,,,,,,,,,,,,,,,,,,
,,"T","ETRS","A-86RS007",,,"ET001","86",,"Optical JB Communication to Askja UWP bundle A","Process deck","AP300","Process deck","1000","800","400","0.8",,,"PERM","0.15","100","115",,"294000","403600","515800",,,,,,,,,,,,,,,,,,,,,,,,,,,,,,,,
,,"T","ETRS","A-86RS008",,,"ET001","86",,"Optical JB Communication to Askja UWP bundle B","Process deck","AP300","Process deck","1000","800","400","0.8",,,"PERM","0.15","100","115",,"295200","403600","515800",,,,,,,,,,,,,,,,,,,,,,,,,,,,,,,,
,,"T","ETRX","A-86RX001",,,"ET001","86",,"Tetra/UHF and PRS cabinet","Cellar deck","AQ200","CER 2","1000","800","2200","0.8",,,"PERM","0.15","400","460",,"330298","379538","502360",,,,,,,,,,,,,,,,,,,,,,,,,,,,,,,,
,,"T","ETRX","A-86RX002",,,"ET001","86",,"Bird Deterrent System Cabinet","Cellar deck","AQ200","CER 2","1000","800","2200","0.8",,,"PERM","0.15","400","460",,"329296","379538","502360",,,,,,,,,,,,,,,,,,,,,,,,,,,,,,,,
,,"T","ETRX","A-86RX003",,,"ET001","86",,"4G/5G and robotics Cabinet","Cellar deck","AQ200","CER 2","1000","800","2200","0.8",,,"PERM","0.15","400","460",,"328294","379538","502360",,,,,,,,,,,,,,,,,,,,,,,,,,,,,,,,
,,"T","ETRX","A-86RX004",,,"ET001","86",,"VHF and GMDSS cabinet","Cellar deck","AQ200","CER 2","1000","800","2200","0.8",,,"PERM","0.15","400","460",,"327292","379538","502360",,,,,,,,,,,,,,,,,,,,,,,,,,,,,,,,
"DIFF",,"T","ETRX","A-86RX005",,,"ET001","86",,"GPS and positioning cabinet (Subsidence monitoring)","Cellar deck","AQ200","CER 2","1000","800","2200","0.8",,,"PERM","0.15","400","460",,"326290","379538","502360",,,,,,,,,,,,,,,,,,,,,,,,,,,,,,,,
,,"T","ETRX","A-86RX006",,,"ET001","86",,"Spare cabinet # 1","Cellar deck","AQ200","CER 2","1000","800","2200","0.8",,,"PERM","0.15","400","460",,"325288","379538","502360",,,,,,,,,,,,,,,,,,,,,,,,,,,,,,,,
,,"U",,"A-87IZ001A/B",,,"-","87",,"Krafla SPCU Cabinet","Cellar deck","AQ200","HOLD","1600","800","2200","1.28",,,"PERM","0.15","600","690",,,,,,,,,,,,,,,,,,,,,,,,,,,,,,,,,,,,
,,"U",,"A-87IZ002A/B",,,"-","87",,"Central SPCU Cabinet","Cellar deck","AQ200","HOLD","1600","800","2200","1.28",,,"PERM","0.15","600","690",,,,,,,,,,,,,,,,,,,,,,,,,,,,,,,,,,,,
,,"J","EJJB","A-87JC001",,,"EI101","87",,"SAS Controller Node Cabinet (F&G) Krafla UWP","Cellar deck","AQ200","CER 1","400","800","2200","0.32",,,"PERM","0.15","200","230",,"330000","397355","502360",,,,,,,,,,,,,,,,,,,,,,,,,,,,,,,,
,,"J","EJJB","A-87JC002",,,"EI101","87",,"SAS Controller Node Cabinet (ESD) Krafla UWP","Cellar deck","AQ200","CER 1","400","800","2200","0.32",,,"PERM","0.15","200","230",,"329198","397355","502360",,,,,,,,,,,,,,,,,,,,,,,,,,,,,,,,
,,"J","EJJB","A-87JC003",,,"EI101","87",,"SAS Controller Node Cabinet (PSD) Krafla UWP","Cellar deck","AQ200","CER 1","400","800","2200","0.32",,,"PERM","0.15","200","230",,"327594","397355","502360",,,,,,,,,,,,,,,,,,,,,,,,,,,,,,,,
,,"J","EJJB","A-87JC004",,,"EI101","87",,"SAS Controller Node Cabinet (PCS) Krafla UWP","Cellar deck","AQ200","CER 1","400","800","2200","0.32",,,"PERM","0.15","200","230",,"327594","397355","502360",,,,,,,,,,,,,,,,,,,,,,,,,,,,,,,,
,,"J","EJJB","A-87JC005",,,"EI101","87",,"SAS Controller Node Cabinet (F&G) Askja UPP","Cellar deck","AQ200","CER 1","400","800","2200","0.32",,,"PERM","0.15","200","230",,"326792","397355","502360",,,,,,,,,,,,,,,,,,,,,,,,,,,,,,,,
,,"J","EJJB","A-87JC006",,,"EI101","87",,"SAS Controller Node Cabinet (ESD) Askja UPP","Cellar deck","AQ200","CER 1","400","800","2200","0.32",,,"PERM","0.15","200","230",,"325990","397355","502360",,,,,,,,,,,,,,,,,,,,,,,,,,,,,,,,
,,"J","EJJB","A-87JC007",,,"EI101","87",,"SAS Controller Node Cabinet (PSD) Askja UPP","Cellar deck","AQ200","CER 1","400","800","2200","0.32",,,"PERM","0.15","200","230",,"325188","397355","502360",,,,,,,,,,,,,,,,,,,,,,,,,,,,,,,,
,,"J","EJJB","A-87JC008",,,"EI101","87",,"SAS Controller Node Cabinet (PCS Main process) Askja UPP","Cellar deck","AQ200","CER 1","400","800","2200","0.32",,,"PERM","0.15","200","230",,"325190","396950","502360",,,,,,,,,,,,,,,,,,,,,,,,,,,,,,,,
,,"J","EJJB","A-87JC009",,,"EI101","87",,"SAS Controller Node Cabinet (PCS Main process) Askja UPP","Cellar deck","AQ200","CER 1","400","800","2200","0.32",,,"PERM","0.15","200","230",,,,,,,,,,,,,,,,,,,,,,,,,,,,,,,,,,,,
"DIFF",,"J","EJJB","A-87JC010",,,"EI101","87",,"SAS Controller Node Cabinet (PCS Utility) Askja UPP","Cellar deck","AQ200","CER 1","400","800","2200","0.32",,,"PERM","0.15","200","230",,"326794","396950","502360",,,,,,,,,,,,,,,,,,,,,,,,,,,,,,,,
"DIFF",,"J","EJJB","A-87JC011",,,"EI101","87",,"SAS Controller Node Cabinet (PCS Utility) Askja UPP","Cellar deck","AQ200","CER 1","400","800","2200","0.32",,,"PERM","0.15","200","230",,,,,,,,,,,,,,,,,,,,,,,,,,,,,,,,,,,,
,,"J","EJJB","A-87JC012",,,"EI101","87",,"SAS Controller Node Cabinet (PDCS Electrical Equipment) Askja UPP","Cellar deck","AQ200","CER 1","400","800","2200","0.32",,,"PERM","0.15","200","230",,"325992","396950","502360",,,,,,,,,,,,,,,,,,,,,,,,,,,,,,,,
,,"J","EJJB","A-87JC017",,,"EI101","87",,"SAS Controller Node Cabinet (PDCS Electrical Equipment) Askja UPP","Cellar deck","AQ200","CER 1","400","800","2200","0.32",,,"PERM","0.15","200","230",,"328396","394930","502360",,,,,,,,,,,,,,,,,,,,,,,,,,,,,,,,
,,"J","EJJB","A-87JC018",,,"EI101","87",,"SAS Controller Node Cabinet (Electrical PMS) Askja UPP","Cellar deck","AQ200","CER 1","400","800","2200","0.32",,,"PERM","0.15","200","230",,"329198","394930","502360",,,,,,,,,,,,,,,,,,,,,,,,,,,,,,,,
,,"J","EJJB","A-87JC020",,,"EI101","87",,"AKER BP PDq I/O control cabinet","Cellar deck","AQ200","CER 1","400","800","2200","0.32",,,"PERM","0.15","200","230",,"330002","394525","502360",,,,,,,,,,,,,,,,,,,,,,,,,,,,,,,,
,,"J","EJJB","A-87JC021",,,"EI102","87",,"CM/IIoT ? I/O Cabinet","Cellar deck","AQ200","CER 1","400","800","2200","0.32",,,"PERM","0.15","200","230",,"330002","392505","502360",,,,,,,,,,,,,,,,,,,,,,,,,,,,,,,,
,,"J","EJJB","A-87JC022",,,"EI102","87",,"CM/IIoT ? I/O Cabinet","Cellar deck","AQ200","CER 1","400","800","2200","0.32",,,"PERM","0.15","200","230",,"329200","392505","502360",,,,,,,,,,,,,,,,,,,,,,,,,,,,,,,,
,,"J","EJJB","A-87JC023",,,"EI102","87",,"CM/IIoT ? I/O Cabinet","Cellar deck","AQ200","CER 1","400","800","2200","0.32",,,"PERM","0.15","200","230",,"328398","392505","502360",,,,,,,,,,,,,,,,,,,,,,,,,,,,,,,,
,,"J","EJJB","A-87JC024",,,"EI102","87",,"CM/IIoT ? Control Cabinet","Cellar deck","AQ200","CER 1","400","800","2200","0.32",,,"PERM","0.15","200","230",,"327596","392505","502360",,,,,,,,,,,,,,,,,,,,,,,,,,,,,,,,
"DIFF",,"J","EJJB","A-87JC025",,,"EI102","87",,"CM/IIoT wire less Cabinet","Cellar deck","AQ200","CER 1","400","800","2200",,,,"PERM","0.15","200","230",,"326794","392505","502360",,,,,,,,,,,,,,,,,,,,,,,,,,,,,,,,
,,"J","EJJB","A-87JC026",,,"EI013","87",,"Valve monitoring Cabinet(for additional sensors mounted on the valves)","Cellar deck","AQ200","CER 1","400","800","2200","0.32",,,"PERM","0.15","200","230",,"325992","392505","502360",,,,,,,,,,,,,,,,,,,,,,,,,,,,,,,,
,,"J","EJJB","A-87JC027",,,"EI013","87",,"Valve leakage cabinet","Cellar deck","AQ200","CER 1","400","800","2200","0.32",,,"PERM","0.15","200","230",,"325190","392505","502360",,,,,,,,,,,,,,,,,,,,,,,,,,,"May be moved onshore",,,,,
,,"J","EJJB","A-87JC028",,,"EI007","87",,"Electrical actuator supplier monitoring cabinet","Cellar deck","AQ200","CER 1","400","800","2200","0.32",,,"PERM","0.15","200","230",,"325190","392100","502360",,,,,,,,,,,,,,,,,,,,,,,,,,,"May be moved onshore",,,,,
,,"J","EJJB","A-87JC029",,,"EI007","87",,"Electrical actuator supplier monitoring cabinet","Cellar deck","AQ200","CER 1","400","800","2200","0.32",,,"PERM","0.15","200","230",,"325992","392100","502360",,,,,,,,,,,,,,,,,,,,,,,,,,,,,,,,
,,"J","EJJB","A-87JC030",,,"EI002","87",,"Multiphase processing cabinet UWP Krafla","Cellar deck","AQ200","CER 1","400","800","2200","0.32",,,"PERM","0.15","200","230",,"326794","392100","502360",,,,,,,,,,,,,,,,,,,,,,,,,,,,,,,,
,,"J","EJJB","A-87JC031",,,"EI002","87",,"Multiphase processing cabinet UWP Askja","Cellar deck","AQ200","CER 1","400","800","2200","0.32",,,"PERM","0.15","200","230",,"327596","392100","502360",,,,,,,,,,,,,,,,,,,,,,,,,,,,,,,,
,,"J","EJJB","A-87JC032",,,"EI002","87",,"Multiphase processing cabinet UPP","Cellar deck","AQ200","CER 1","400","800","2200","0.32",,,"PERM","0.15","200","230",,"327596","392100","502360",,,,,,,,,,,,,,,,,,,,,,,,,,,,,,,,
,,"J","EJJB","A-87JC033",,,"EI002","87",,"Metering cabinet UPP GAS","Cellar deck","AQ200","CER 1","400","800","2200","0.32",,,"PERM","0.15","200","230",,"329200","392100","502360",,,,,,,,,,,,,,,,,,,,,,,,,,,,,,,,
,,"J","EJJB","A-87JC034",,,"ER001","87",,"Compressor Control Cabinet skid 1","Cellar deck","AQ200","CER 1","400","800","2200","0.32",,,"PERM","0.15","200","230",,"330002","392100","502360",,,,,,,,,,,,,,,,,,,,,,,,,,,,,,,,
,,"J",,"A-87JC035",,,"BN001","87",,"Bridge bearing monitoring field panel","Cellar deck","AQ200","CER 2","400","800","2200","0.32",,,"FUT","0.15","200","230",,"330804","392100","502360",,,,,,,,,,,,,,,,,,,,,,,,,,,"location to be confirmed ",,,,,
,,"J","EJJB","A-87JC036",,,"EI003","87",,"Analyser control cabinet for process and environment","Cellar deck","AQ200","CER 2","400","800","2200","0.32",,,"PERM","0.15","200","230",,"338200","374740","502360",,,,,,,,,,,,,,,,,,,,,,,,,,,,,,,,
,,"J",,"A-87JC037",,,"BN001","87",,"Bridge bearing monitoring cabinet","Cellar deck","AQ200","CER 2","400","800","2200","0.32",,,"FUT","0.15","200","230",,"340600","374740","502360",,,,,,,,,,,,,,,,,,,,,,,,,,,,,,,,
,,"J","EJJB","A-87JC038",,,"EI004","87",,"Nucleonic level measurement cabinet","Cellar deck","AQ200","CER 2","400","800","2200","0.32",,,"PERM","0.15","200","230",,"341402","374740","502360",,,,,,,,,,,,,,,,,,,,,,,,,,,,,,,,
,,"J","EJJB","A-87JC039",,,"EI006","87",,"Sand monitoring Cabinet","Cellar deck","AQ200","CER 2","400","800","2200","0.32",,,"PERM","0.15","200","230",,"342204","374740","502360",,,,,,,,,,,,,,,,,,,,,,,,,,,,,,,,
,,"A",,"A-87JC040",,,,"87",,"Manual valve Interlock key cabinet","Cellar deck","AQ200","CER 2","400","800","2200","0.32",,,"PERM","0.15","200","230",,"0","0","0",,,,,,,,,,,,,,,,,,,,,,,,,,,"Not requiered to be smart cabinet. Only key hangers. 100% manual",,,,,
,,"J","EJJB","A-87JC040",,,"EI006","87",,"UID - Power Control cabinet","Cellar deck","AQ200","CER 2","400","800","2200","0.32",,,"PERM","0.15","200","230",,"342204","374740","502360",,,,,,,,,,,,,,,,,,,,,,,,,,,,,,,,
"DIFF",,"J","EJJB","A-87JC041",,,"ER001","87",,"Vibration control cabinet - Compressor","Cellar deck","AQ200","CER 2","1000","800","2200","0.8",,,"PERM","0.15","200","230",,"332588","371995","502360",,,,,,,,,,,,,,,,,,,,,,,,,,,,,,,,
"DIFF",,"J","EJJB","A-87JC042",,,"EI103","87",,"Vibration control cabinet - Compressor","Cellar deck","AQ200","CER 2","800","800","2200","0.64",,,"PERM","0.15","200","230",,"333390","371995","502360",,,,,,,,,,,,,,,,,,,,,,,,,,,,,,,,
,,"J","EJJB","A-87JC043",,,"EI103","87",,"Vibration control cabinet - Protection and CM","Cellar deck","AQ200","CER 2","800","800","2200","0.64",,,"PERM","0.15","200","230",,"343808","374740","502360",,,,,,,,,,,,,,,,,,,,,,,,,,,,,,,,
,,"J","EJJB","A-87JC044",,,"ER001","87",,"Compressor Control Cabinet skid 2","Cellar deck","AQ200","CER 1","400","800","2200","0.32",,,"PERM","0.15","200","230",,"330002","392100","502360",,,,,,,,,,,,,,,,,,,,,,,,,,,,,,,,
"DIFF",,"J","EJJB","A-87JC048",,,"EI015","87",,"Robot panel for local pad and spare battery","Cellar deck","AQ200","CER 2","400","800","2200","0.32",,,"PERM","0.15","200","230",,"343806","371770","502360",,,,,,,,,,,,,,,,,,,,,,,,,,,,,,,,
"DIFF",,"J","EJJB","A-87JC050",,,"EI015","87",,"Drone control cabinet","Cellar deck","AQ200","CER 2","400","800","2200","0.32",,,"PERM","0.15","200","230",,"337400","374740","502360",,,,,,,,,,,,,,,,,,,,,,,,,,,,,,,,
,,"J","EJJB","A-87JC051",,,"EI015","87",,"Drone control cabinet","Cellar deck","AQ200","CER 2","400","800","2200","0.32",,,"PERM","0.15","200","230",,"338598","371770","502360",,,,,,,,,,,,,,,,,,,,,,,,,,,,,,,,
,,"J",,"A-87JC052",,,"EI102","87",,"Compressor CM Cabinet Other than vibration,temp and proximity","Cellar deck","AQ200","CER 2","400","800","2200","0.32",,,"FUT","0.15","200","230",,"340598","371770","502360",,,,,,,,,,,,,,,,,,,,,,,,,,,"May be moved onshore",,,,,
,,"J",,"A-87JC053",,,"EI102","87",,"Automatic (Electro) Magnetic Bearing Control","Cellar deck","AQ200","CER 2","400","800","2200","0.32",,,"FUT","0.15","200","230",,"342202","371770","502360",,,,,,,,,,,,,,,,,,,,,,,,,,,,,,,,
,,"J",,"A-87JC054",,,"EI102","87",,"Supplier CM Cabinet - Unidentifed but added for development buffer","Cellar deck","AQ200","CER 2","400","800","2200","0.32",,,"FUT","0.15","200","230",,"343004","371770","502360",,,,,,,,,,,,,,,,,,,,,,,,,,,,,,,,
,,"J",,"A-87JC055",,,"EI102","87",,"Supplier CM Cabinet - Unidentifed but added for development buffer","Cellar deck","AQ200","CER 2","400","800","2200","0.32",,,"FUT","0.15","200","230",,"337796","371770","502360",,,,,,,,,,,,,,,,,,,,,,,,,,,,,,,,
,,"J","EJJB","A-87JC063",,,"EI101","87",,"Subsea SAS supplier control cabinet","Cellar deck","AQ200","CER 2","400","800","2200","0.32",,,"PERM","0.15","200","230",,"337796","371770","502360",,,,,,,,,,,,,,,,,,,,,,,,,,,,,,,,
,,"J","EJJB","A-87JC064",,,"EI101","87",,"Subsea SAS supplier control cabinet","Cellar deck","AQ200","CER 2","400","800","2200","0.32",,,"PERM","0.15","200","230",,"336994","371770","502360",,,,,,,,,,,,,,,,,,,,,,,,,,,,,,,,
,,"J","EJJB","A-87JC065",,,"EI101","87",,"Subsea SAS supplier control cabinet","Cellar deck","AQ200","CER 2","400","800","2200","0.32",,,"PERM","0.15","200","230",,"336192","371770","502360",,,,,,,,,,,,,,,,,,,,,,,,,,,,,,,,
,,"J","EJJB","A-87JC066",,,"EI101","87",,"Subsea SAS supplier control cabinet","Cellar deck","AQ200","CER 2","400","800","2200","0.32",,,"PERM","0.15","200","230",,"335390","371770","502360",,,,,,,,,,,,,,,,,,,,,,,,,,,,,,,,
,,"J","EJJB","A-87JC067",,,"EI101","87",,"Subsea SAS supplier control cabinet - Future","Cellar deck","AQ200","CER 2","400","800","2200","0.32",,,"PERM","0.15","200","230",,"0","0","0",,,,,,,,,,,,,,,,,,,,,,,,,,,,,,,,
,,"J","EJJB","A-87JC068",,,"EI101","87",,"Subsea SAS supplier control cabinet - Future","Cellar deck","AQ200","CER 2","400","800","2200","0.32",,,"PERM","0.15","200","230",,"0","0","0",,,,,,,,,,,,,,,,,,,,,,,,,,,,,,,,
"DIFF",,"J","EJJF","A-87JF001",,,"EI101","87",,"SAS FAU/RIO Cabinet ","Cellar deck","AP200","AP200","400","800","1500","0.32",,,"PERM","0.15","110","126.5",,"328396","394930","502360",,,,,,,,,,,,,,,,,,,,,,,,,,,,,,,,
"DIFF",,"J","EJJF","A-87JF002",,,"EI101","87",,"SAS FAU/RIO Cabinet ","Cellar deck","AP200","AP200","400","800","1500","0.32",,,"PERM","0.15","110","126.5",,"327594","394930","502360",,,,,,,,,,,,,,,,,,,,,,,,,,,,,,,,
"DIFF",,"J","EJJF","A-87JF003",,,"EI101","87",,"SAS FAU/RIO Cabinet ","Cellar deck","AP200","AP200","400","800","1500","0.32",,,"PERM","0.15","110","126.5",,"326792","394930","502360",,,,,,,,,,,,,,,,,,,,,,,,,,,,,,,,
"DIFF",,"J","EJJF","A-87JF004",,,"EI101","87",,"SAS FAU/RIO Cabinet ","Cellar deck","AP300","AP300","400","800","1500","0.32",,,"PERM","0.15","110","126.5",,"325990","394930","502360",,,,,,,,,,,,,,,,,,,,,,,,,,,,,,,,
"DIFF",,"J","EJJF","A-87JF005",,,"EI101","87",,"SAS FAU/RIO Cabinet ","Cellar deck","AP300","AP300","400","800","1500","0.32",,,"PERM","0.15","110","126.5",,"325188","394930","502360",,,,,,,,,,,,,,,,,,,,,,,,,,,,,,,,
"DIFF",,"J","EJJF","A-87JF006",,,"EI101","87",,"SAS FAU/RIO Cabinet ","Cellar deck","AP300","AP300","400","800","1500","0.32",,,"PERM","0.15","110","126.5",,"325190","394525","502360",,,,,,,,,,,,,,,,,,,,,,,,,,,,,,,,
"DIFF",,"J","EJJF","A-87JF007",,,"EI101","87",,"SAS FAU/RIO Cabinet ","Cellar deck","AP400","AP400","400","800","1500","0.32",,,"PERM","0.15","110","126.5",,"325992","394525","502360",,,,,,,,,,,,,,,,,,,,,,,,,,,,,,,,
"DIFF",,"J","EJJF","A-87JF008",,,"EI101","87",,"SAS FAU/RIO Cabinet ","Cellar deck","AP400","AP400","400","800","1500","0.32",,,"PERM","0.15","110","126.5",,"326794","394525","502360",,,,,,,,,,,,,,,,,,,,,,,,,,,,,,,,
"DIFF",,"J","EJJF","A-87JF009",,,"EI101","87",,"SAS FAU/RIO Cabinet ","Cellar deck","AP400","AP400","400","800","1500","0.32",,,"PERM","0.15","110","126.5",,"327596","394525","502360",,,,,,,,,,,,,,,,,,,,,,,,,,,,,,,,
"DIFF",,"J","EJJF","A-87JF010",,,"EI101","87",,"SAS FAU/RIO Cabinet ","Cellar deck","AP500","AP500","400","800","1500","0.32",,,"PERM","0.15","110","126.5",,"328278","394325","502698",,,,,,,,,,,,,,,,,,,,,,,,,,,,,,,,
"DIFF",,"J","EJJF","A-87JF011",,,"EI101","87",,"SAS FAU/RIO Cabinet ","Cellar deck","AP500","AP500","400","800","1500","0.32",,,"PERM","0.15","110","126.5",,,,,,,,,,,,,,,,,,,,,,,,,,,,,,,,,,,,
,,"J","EJJF","A-87JF012",,,"EI101","87",,"SAS Compressor skid 1st RIO","Weather deck","AP500","SKID","400","600","1500","0.24",,,"PERM","0.15","110","126.5",,,,,,,,,,,,,,,,,,,,,,,,,,,,,,,,,,,,
,,"J","EJJF","A-87JF013",,,"EI101","87",,"SAS TEG skid RIO","Mezzanine deck","AP300","SKID","400","600","1500","0.24",,,"PERM","0.15","110","126.5",,,,,,,,,,,,,,,,,,,,,,,,,,,,,,,,,,,,
,,"J","EJJF","A-87JF014",,,"EI101","87",,"SAS Liquid export pump skid RIO","Mezzanine deck","AQ300","HOLD","400","600","1500","0.24",,,"PERM","0.15","110","126.5",,,,,,,,,,,,,,,,,,,,,,,,,,,,,,,,,,,,
,,"J","EJJF","A-87JF015",,,"EI101","87",,"Electro FTC Cabinet","Mezzanine deck","AQ300","LV swb. room 1","400","600","1500","0.24",,,"PERM","0.15","200","230",,"330900","389150","509200",,,,,,,,,,,,,,,,,,,,,,,,,,,,,,,,
,,"J","EJJF","A-87JF016",,,"EI101","87",,"VSD FTC Cabinets","Process deck","AQ400","HV VSD room","400","600","1500","0.24",,,"PERM","0.15","200","230",,"331800","388750","516200",,,,,,,,,,,,,,,,,,,,,,,,,,,,,,,,
"DIFF",,"J","EJJF","A-87JF017",,,"EI101","87",,"SAS Compressor skid 2nd RIO","Weather deck","AP500","SKID","400","600","1500","0.24",,,"PERM","0.15","110","126.5",,,,,,,,,,,,,,,,,,,,,,,,,,,,,,,,,,,,
"NEW",,"J","EJJF","A-87JF018",,,"EI101","87",,"SAS FTC special I/O Cabinet ","Cellar deck","AQ200","AQ200","400","800","2200","0.32",,,"PERM","0.15","110","126.5",,,,,,,,,,,,,,,,,,,,,,,,,,,,,,,,,,,,
,,"J",,"A-87JO001",,,"EI101","87",,"Engineering Work Station on desk","Cellar deck","AQ200","CER 1","1000","1000","1000","1",,,"TEMP","0.15","200","230",,,,,,,,,,,,,,,,,,,,,,,,,,,,,,,,,,,,
,,"J",,"A-87JO002",,,"EI101","87",,"Temporary Operator Station on desk","Cellar deck","AQ200","CER 1","1000","1000","1000","1",,,"TEMP","0.15","200","230",,,,,,,,,,,,,,,,,,,,,,,,,,,,,,,,,,,,
,,"J",,"A-87JQ010",,,"EI101","87",,"SAS Server Cabinet","Cellar deck","AQ200","CER 1","1000","800","2200","0.8",,,"PERM","0.15","200","230",,"325092","401180","502360",,,,,,,,,,,,,,,,,,,,,,,,,,,"Server function requiered on the UPP and not shore(e.g. historian buffer) and a voyage recorder",,,,,
,,"J",,"A-87JQ011",,,"EI101","87",,"SAS Network Distribution Cabinet","Cellar deck","AQ200","CER 1","1000","800","2200","0.8",,,"PERM","0.15","200","230",,"326594","401580","501210",,,,,,,,,,,,,,,,,,,,,,,,,,,,,,,,
,,"J",,"A-87JQ012",,,"EI101","87",,"SAS Network Distribution Cabinet","Cellar deck","AQ200","CER 1","1000","800","2200","0.8",,,"PERM","0.15","200","230",,"327096","401180","502360",,,,,,,,,,,,,,,,,,,,,,,,,,,,,,,,
,,"J","ETRQ","A-87JQ013",,,"EI101","87",,"SIS Network Distribution Cabinet","Cellar deck","AQ200","CER 1","1000","800","2200","0.8",,,"PERM","0.15","200","230",,"328598","401580","501210",,,,,,,,,,,,,,,,,,,,,,,,,,,,,,,,
,,"J","ETRQ","A-87JQ014",,,"EI101","87",,"SIS Network Distribution Cabinet","Cellar deck","AQ200","CER 1","1000","800","2200","0.8",,,"PERM","0.15","200","230",,"329100","401180","502360",,,,,,,,,,,,,,,,,,,,,,,,,,,,,,,,
,,"J","ETRQ","A-87JQ015",,,"EI101","87",,"Field Network Distribution Cabinet","Cellar deck","AQ200","CER 1","1000","800","2200","0.8",,,"PERM","0.15","200","230",,"326094","399575","502360",,,,,,,,,,,,,,,,,,,,,,,,,,,,,,,,
,,"J","ETRQ","A-87JQ016",,,"EI101","87",,"Field Network Distribution Cabinet","Cellar deck","AQ200","CER 1","1000","800","2200","0.8",,,"PERM","0.15","200","230",,"327096","399575","502360",,,,,,,,,,,,,,,,,,,,,,,,,,,,,,,,
,,"J","ETRQ","A-87JQ017",,,"EI101","87",,"3rd pary Network Distribution Cabinet","Cellar deck","AQ200","CER 1","1000","800","2200","0.8",,,"PERM","0.15","200","230",,"328098","399575","502360",,,,,,,,,,,,,,,,,,,,,,,,,,,,,,,,
,,"J","ETRQ","A-87JQ018",,,"EI101","87",,"3rd pary Network Distribution Cabinet","Cellar deck","AQ200","CER 1","1000","800","2200","0.8",,,"PERM","0.15","200","230",,"329100","399575","502360",,,,,,,,,,,,,,,,,,,,,,,,,,,,,,,,
,,"J","ETRQ","A-87JQ019",,,"EI101","87",,"Network Monitoring system (Solarwind)","Cellar deck","AQ200","CER 1","1000","800","2200","0.8",,,"PERM","0.15","200","230",,"325092","399575","502360",,,,,,,,,,,,,,,,,,,,,,,,,,,,,,,,
"DIFF",,"J",,"A-87JQ020",,,"EI101","87",,"Service network cabinet","Cellar deck","AQ200","CER 2","1000","800","2200","0.8",,,"PERM","0.15","200","230",,"332000","374740","502360",,,,,,,,,,,,,,,,,,,,,,,,,,,,,,,,
"DIFF",,"J",,"A-87JQ021",,,"EI101","87",,"Service network cabinet","Cellar deck","AQ200","CER 2","1000","800","2200","0.8",,,"PERM","0.15","200","230",,"332802","374740","502360",,,,,,,,,,,,,,,,,,,,,,,,,,,,,,,,
"DIFF",,"J",,"A-87JQ022",,,"CPI","87",,"Subsea contractor network cabinet SGRU B","Cellar deck","AQ200","CER 2","800","800","2200","0.64",,,"PERM","0.15","200","230",,"333604","374740","502360",,,,,,,,,,,,,,,,,,,,,,,,,,,,,,,,
"DIFF",,"J",,"A-87JQ023",,,"CPI","87",,"Subsea contractor server cabinet SGSU","Cellar deck","AQ200","CER 2","800","800","2200","0.64",,,"PERM","0.15","200","230",,"336010","374740","502360",,,,,,,,,,,,,,,,,,,,,,,,,,,,,,,,
,,"J","EJJX","A-87JX010",,,"EI004","87",,"Nucleonic field panel","Mezzanine deck","AP300",,"600","400","600","0.24",,,"PERM","0.15","200","230",,"0","0","0",,,,,,,,,,,,,,,,,,,,,,,,,,,,,,,,
,,"J","EJJX","A-87JX011",,,"EI004","87",,"Nucleonic field panel","Mezzanine deck","AP300",,"600","400","600","0.24",,,"PERM","0.15","200","230",,"0","0","0",,,,,,,,,,,,,,,,,,,,,,,,,,,,,,,,
,,"J","EJJX","A-87JX012",,,"ER019","87",,"Flare ignition panel","Process deck","AP400",,"600","400","600","0.24",,,"PERM","0.15","200","230",,"0","0","0",,,,,,,,,,,,,,,,,,,,,,,,,,,,,,,,
,,"J","EJJX","A-87JX013",,,"ER019","87",,"Flare ignition panel","Process deck","AP400",,"600","400","600","0.24",,,"PERM","0.15","200","230",,"0","0","0",,,,,,,,,,,,,,,,,,,,,,,,,,,,,,,,
,,"J","EJJX","A-87JX014",,,"EI003","87",,"Analyser panel","Mezzanine deck","AP300",,"600","400","600","0.24",,,"FUT","0.15","200","230",,"0","0","0",,,,,,,,,,,,,,,,,,,,,,,,,,,,,,,,
,,"J","EJJX","A-87JX015",,,"EI003","87",,"Analyser panel","Process deck","AP400",,"600","400","600","0.24",,,"FUT","0.15","200","230",,"0","0","0",,,,,,,,,,,,,,,,,,,,,,,,,,,,,,,,
,,"J","EJJX","A-87JX016",,,"EI012","87",,"Analyser panel","Mezzanine deck","AP300",,"600","400","600","0.24",,,"FUT","0.15","200","230",,"0","0","0",,,,,,,,,,,,,,,,,,,,,,,,,,,,,,,,
,,"J","EJJX","A-87JX017",,,"EI012","87",,"Analyser Manual sample station","Process deck","AP400",,"600","400","600","0.24",,,"FUT","0.15","200","230",,"0","0","0",,,,,,,,,,,,,,,,,,,,,,,,,,,,,,,,
,,"J",,"A-87JX018",,,"EI003","87",,"Analyser Manual sample station","Mezzanine deck","AP300",,"600","400","600","0.24",,,"FUT","0.15",,"0",,"0","0","0",,,,,,,,,,,,,,,,,,,,,,,,,,,,,,,,
,,"U",,"A-87UO001",,,"-","87",,"Krafla EPU01 Cabinet","Cellar deck","AQ200","HOLD","1000","800","2200","0.8",,,"PERM","0.15","500","575",,,,,,,,,,,,,,,,,,,,,,,,,,,,,,,"Subsea power interface may go directly from hang-off to electrical cabinet",,,,,
,,"U",,"A-87UO002",,,"-","87",,"Krafla EPU02 Cabinet","Cellar deck","AQ200","HOLD","1000","800","2200","0.8",,,"PERM","0.15","500","575",,,,,,,,,,,,,,,,,,,,,,,,,,,,,,,"Subsea power interface may go directly from hang-off to electrical cabinet",,,,,
"DIFF",,"J","ERXX","A-87XX001",,,"EI015","87",,"Robot dock-in station","Cellar deck","AQ200","Outdoor","1000","800","200","0.8",,,"PERM","0.15","200","230",,"348800","380638","501000",,,,,,,,,,,,,,,,,,,,,,,,,,,,,,,,
